"Facility_ID", "Facility_Name", "Facility_Street", "Facility_City", "Facility_.State", "Facility_ZIP._Code", "unique.Address", "latlon"
"1", "ILD005129697", "A FINKL & SONS CO", "2011 N SOUTHPORT  AVE", "CHICAGO", "IL", 60614, "2011 N SOUTHPORT  AVE, CHICAGO, IL, 60614", "-87.6620313, 41.9170611"
"2", "KSD067966259", "A-1 BARREL CO LLC", "6035 KANSAS AVE", "KANSAS CITY", "KS", 66111, "6035 KANSAS AVE, KANSAS CITY, KS, 66111", "-94.718209, 39.0884991"
"3", "MOR000525121", "ABC LABORATORIES INC", "4780 DISCOVERY  DR", "COLUMBIA", "MO", 65201, "4780 DISCOVERY  DR, COLUMBIA, MO, 65201", "-92.291879, 38.91279"
"4", "HIR000135517", "ABES AUTO RECYCLERS", "96 1268 WAIHONA ST", "PEARL CITY", "HI", 96782, "96 1268 WAIHONA ST, PEARL CITY, HI, 96782", "-157.978415, 21.409115"
"5", "OH0001002781", "ACCUBUILT  INC", "2550 CENTRAL POINT PKWY", "LIMA", "OH", 45804, "2550 CENTRAL POINT PKWY, LIMA, OH, 45804", "-84.098201, 40.705246"
"6", "OHD004205274", "ACCURATE  PLATING CO", "6512 CARNEGIE  AVE", "CLEVELAND", "OH", 44103, "6512 CARNEGIE  AVE, CLEVELAND, OH, 44103", "-81.645358, 41.50103"
"7", "VAD982363541", "ADVANCED  FINISHING  SYSTEMS,  INC.", "2954 GEORGE WASHINGTON MEM HWY", "HAYES", "VA", 23072, "2954 GEORGE WASHINGTON MEM HWY, HAYES, VA, 23072", "-76.510305, 37.288957"
"8", "OHD061013553", "AERO CLASSICS INC", "1710 SAWMILL PARKWAY", "HURON", "OH", 44839, "1710 SAWMILL PARKWAY, HURON, OH, 44839", "-82.585989, 41.399237"
"9", "TXD099387474", "AGRIFOS FERTILIZER", "2001 JACKSON RD", "PASADENA", "TX", 77506, "2001 JACKSON RD, PASADENA, TX, 77506", "-95.188744, 29.723364"
"10", "KYD005013032", "AK STEEL CORPORATION - COKE PLANT", "40 TH STREET & WINCHESTER AVE", "ASHLAND", "KY", 41105, "40 TH STREET & WINCHESTER AVE, ASHLAND, KY, 41105", "-83.4889585, 31.483959"
"11", "OHD004157418", "AK STEEL CORPORATION - MANSFIELD  WORKS", "913 BOWMAN STREET", "MANSFIELD", "OH", 44903, "913 BOWMAN STREET, MANSFIELD, OH, 44903", "-82.524706, 40.784671"
"12", "TXR000060442", "ALAMO ENVIRONMENTAL INC", "8189 NELSON RD", "SAN ANTONIO", "TX", 78252, "8189 NELSON RD, SAN ANTONIO, TX, 78252", "-98.6567442, 29.3217968"
"13", "AKD980974182", "ALASKA DOT & PF SOLDOTNA", "MILE POST 96 STERLING HIGHWAY", "SOLDOTNA", "AK", 99669, "MILE POST 96 STERLING HIGHWAY, SOLDOTNA, AK, 99669", "-151.0994228, 60.4555377"
"14", "CAD008297996", "ALL METALS PROCESSING CO INC", "264 WEST SPAZIER AVE", "BURBANK", "CA", 91502, "264 WEST SPAZIER AVE, BURBANK, CA, 91502", "-118.306131, 34.16649"
"15", "AZD981634900", "ALL PRO INDUSTRIAL,  LLC", "1531 W. 17TH STREET", "TEMPE", "AZ", 85281, "1531 W. 17TH STREET, TEMPE, AZ, 85281", "-111.964962, 33.409296"
"16", "CAD982039174", "ALLFAST FASTENING  SYSTEMS,  INC.", "15200 DON JULIAN ROAD", "CITY OF INDUSTRY", "CA", 91745, "15200 DON JULIAN ROAD, CITY OF INDUSTRY, CA, 91745", "-117.970374, 34.020544"
"17", "LAD008195968", "ALLIED SHIPYARD INC", "310 LEDET LANE", "LOCKPORT", "LA", 70374, "310 LEDET LANE, LOCKPORT, LA, 70374", "-90.5392524, 29.6460467"
"18", "MDD003062213", "ALMAG PLATING CORPORATION", "1800 CHERRY HILL RD", "BALTIMORE", "MD", 21230, "1800 CHERRY HILL RD, BALTIMORE, MD, 21230", "-76.6331639, 39.25647"
"19", "PRD090472838", "AMCOR-FLEXIBLES PUERTO RICO", "#50 BALDORIOTY  STREET", "CIDRA", "PR", 739, "#50 BALDORIOTY  STREET, CIDRA, PR, 739", "NA, NA"
"20", "TND007029200", "AMERICAN  DRUM & PALLET COMPANY", "806 WALNUT", "MEMPHIS", "TN", 38101, "806 WALNUT, MEMPHIS, TN, 38101", "-90.033892, 35.124957"
"21", "INR000020644", "AMERICAN  IRON OXIDE COMPANY", "2001 E CR 700 N", "GRANDVIEW", "IN", 47615, "2001 E CR 700 N, GRANDVIEW, IN, 47615", "-87.017432, 37.987726"
"22", "MDD054909072", "AMERICAN  PLATING SERVICE INC", "4004 E MONUMENT  ST", "BALTIMORE", "MD", 21205, "4004 E MONUMENT  ST, BALTIMORE, MD, 21205", "-76.5645512, 39.2996844"
"23", "MAD982201055", "AMERICAN  RECLAMATION CORP", "RTE 20 STURBRIDGE RD", "CHARLTON", "MA", 1507, "RTE 20 STURBRIDGE RD, CHARLTON, MA, 1507", "NA, NA"
"24", "CAR000069153", "AMPAC FINE CHEMICALS  LLC", "HWY 50 AND HAZEL ROAD", "RANCHO CORDOVA", "CA", 95670, "HWY 50 AND HAZEL ROAD, RANCHO CORDOVA, CA, 95670", "-121.2168997, 38.6323379"
"25", "KSD985013101", "APEX ENGINEERING INTERNATIONAL, L.L.C.", "1812 W 2ND ST", "WICHITA", "KS", 67203, "1812 W 2ND ST, WICHITA, KS, 67203", "-97.362719, 37.688622"
"26", "MDD044142123", "APPLIED COATING SYSTEMS,  INC.", "2915 WILMARCO  AVE", "BALTIMORE", "MD", 21223, "2915 WILMARCO  AVE, BALTIMORE, MD, 21223", "-76.6609961, 39.2706992"
"27", "WYR000002576", "AREA SERVICE INC", "2740 COULTER LANE", "GILLETTE", "WY", 82716, "2740 COULTER LANE, GILLETTE, WY, 82716", "-105.5247724, 44.321579"
"28", "KSD054756531", "ARICK & SON INC", "335 S MERIDIAN", "VALLEY CENTER", "KS", 67147, "335 S MERIDIAN, VALLEY CENTER, KS, 67147", "-97.3720317, 37.8303347"
"29", "NYD049199581", "ASTRO ELECTRO;PLATING, INC.", "170 CENTRAL AVENUE", "FARMINGDALE", "NY", 11735, "170 CENTRAL AVENUE, FARMINGDALE, NY, 11735", "-73.405862, 40.7534075"
"30", "TXD044773265", "ASTRO PLATING INC", "915 ROOSEVELT", "SAN ANTONIO", "TX", 78210, "915 ROOSEVELT, SAN ANTONIO, TX, 78210", "NA, NA"
"31", "ORD009038761", "ATI ALBANY OPERATIONS", "530 34TH AVE SW", "ALBANY", "OR", 97321, "530 34TH AVE SW, ALBANY, OR, 97321", "NA, NA"
"32", "GAD084914787", "ATLANTIC WOOD INDUSTRIES  INC-PT WENTWORT", "202 OXNARD DR", "PORT WENTWORTH", "GA", 31407, "202 OXNARD DR, PORT WENTWORTH, GA, 31407", "-81.1544928, 32.1430719"
"33", "CAR000165183", "BAE SYSTEMS SAN DIEGO SHIP REPAIR MSD", "1401 SAMPSON STREET", "SAN DIEGO", "CA", 92113, "1401 SAMPSON STREET, SAN DIEGO, CA, 92113", "-117.142829, 32.693488"
"34", "WIR000047654", "BARREL PLATING SERVICE INC", "3024 W WALNUT ST", "MILWAUKEE", "WI", 53208, "3024 W WALNUT ST, MILWAUKEE, WI, 53208", "-87.9523043, 43.0529203"
"35", "NVD000626531", "BARRICK GOLDSTRIKE  MINES INC", "27 MILES NORTH OF CARLIN", "CARLIN", "NV", 89822, "27 MILES NORTH OF CARLIN, CARLIN, NV, 89822", "-116.1039663, 40.7138067"
"36", "IAD089570063", "BARTON SOLVENTS  INC", "2135 9TH AVE", "COUNCIL BLUFFS", "IA", 51501, "2135 9TH AVE, COUNCIL BLUFFS, IA, 51501", "-95.876788, 41.253405"
"37", "KSD096537857", "BARTON SOLVENTS  INC", "201 S CEDAR", "VALLEY CENTER", "KS", 67147, "201 S CEDAR, VALLEY CENTER, KS, 67147", "-97.378503, 37.830625"
"38", "LAD040776809", "BASF GEISMAR SITE", "8404 HIGHWAY 75", "GEISMAR", "LA", 70734, "8404 HIGHWAY 75, GEISMAR, LA, 70734", "-91.024112, 30.2026831"
"39", "CAD098321326", "BAY AREA CIRCUITS,  INC.", "91 WINSLOW  ST.", "REDWOOD  CITY", "CA", 94063, "91 WINSLOW  ST., REDWOOD  CITY, CA, 94063", "-122.2338254, 37.4921352"
"40", "MDA000031515", "BAY ASSOCIATES  ENVIRO NMENTAL,  INC.", "1450 GRIMM ROAD", "SEVERN", "MD", 21144, "1450 GRIMM ROAD, SEVERN, MD, 21144", "-76.697414, 39.113916"
"41", "CAD088838222", "BAYSIDE OIL II, INC.", "210 ENCINAL STREET", "SANTA CRUZ", "CA", 95060, "210 ENCINAL STREET, SANTA CRUZ, CA, 95060", "-122.032784, 36.987091"
"42", "OHD087715686", "BEDFORD ANODIZING  COMPANY", "7010 KRICK ROAD", "BEDFORD", "OH", 44146, "7010 KRICK ROAD, BEDFORD, OH, 44146", "NA, NA"
"43", "NED007268790", "BEHLEN MFG CO", "4025 E 23RD STREET", "COLUMBUS", "NE", 68601, "4025 E 23RD STREET, COLUMBUS, NE, 68601", "NA, NA"
"44", "WID006075162", "BENZ OIL INC", "12733 W ARDEN PL", "BUTLER", "WI", 53007, "12733 W ARDEN PL, BUTLER, WI, 53007", "NA, NA"
"45", "HIR000138602", "BERING SEA ENV LLC", "91 343 KAIHOLO ST", "KAPOLEI", "HI", 96707, "91 343 KAIHOLO ST, KAPOLEI, HI, 96707", "-158.116568, 21.31543"
"46", "MOD143540375", "BERRYS WOOD PRODUCTS  INC", "7307 S HWY 67", "FREDERICKTOWN", "MO", 63645, "7307 S HWY 67, FREDERICKTOWN, MO, 63645", "-90.3309909, 37.3879465"
"47", "OHD081281412", "BIEWER JOHN A CO OF OHIO", "649 LANDMARK  BLVD", "WASHINGTON COURT", "HOH", 43160, "649 LANDMARK  BLVD, WASHINGTON COURT, HOH, 43160", "-83.405039, 39.532381"
"48", "WYR000001859", "BILL'S PARTS AND SALVAGE", "3153-B U.S. HIGHWAY 287", "LANDER", "WY", 82520, "3153-B U.S. HIGHWAY 287, LANDER, WY, 82520", "-108.691937, 42.854119"
"49", "RIR000507863", "BIOWASTE  LLC", "24 B MARTIN ST", "CUMBERLAND", "RI", 2864, "24 B MARTIN ST, CUMBERLAND, RI, 2864", "-71.424589, 41.927493"
"50", "MOR000536201", "BOEHRINGER INGELHEIM  VETMEDICA", "5606 CORPORATE  DR", "ST JOSEPH", "MO", 64507, "5606 CORPORATE  DR, ST JOSEPH, MO, 64507", "-94.764807, 39.750554"
"51", "MOD007134091", "BOEHRINGER INGELHEIM  VETMEDICA  INC", "2621 N BELT HWY", "ST JOSEPH", "MO", 64506, "2621 N BELT HWY, ST JOSEPH, MO, 64506", "-94.8059872, 39.7881216"
"52", "OHR000125526", "BOLIVAR BLOCK PLANT", "509 WATER STREET", "BOLIVAR", "OH", 44653, "509 WATER STREET, BOLIVAR, OH, 44653", "-81.4585596, 40.6501777"
"53", "PAD048603005", "BOYERTOWN SANITARY DISPOSAL CO. INC.", "300 MERKEL RD", "GILBERTSVILLE", "PA", 19525, "300 MERKEL RD, GILBERTSVILLE, PA, 19525", "-75.620907, 40.313242"
"54", "ILR000050336", "BRADFORD  ELECTRIC CO", "925 MISSOURI  AVE", "EAST ST LOUIS", "IL", 62201, "925 MISSOURI  AVE, EAST ST LOUIS, IL, 62201", "-90.154727, 38.6227383"
"55", "IAD005285101", "BRAND FX BODY COMPANY", "21201 510TH ST", "POCAHONTAS", "IA", 50574, "21201 510TH ST, POCAHONTAS, IA, 50574", "-94.6945933, 42.7470238"
"56", "OHD980681571", "BRANDON PARTNERS  AKA NORTH EAST CHEM", "3301 MONROE AVE", "CLEVELAND", "OH", 44113, "3301 MONROE AVE, CLEVELAND, OH, 44113", "-81.7073769, 41.477837"
"57", "IDD984675074", "BROADWAY  CENTER LAUNDRY", "1217 BROADWAY  #104", "BOISE", "ID", 83706, "1217 BROADWAY  #104, BOISE, ID, 83706", "-116.1935628, 43.5981396"
"58", "ARR000021758", "BUNN ENGINE REBUILDERS", "4892 LUCKY PINE RD", "DONALDSON", "AR", 71941, "4892 LUCKY PINE RD, DONALDSON, AR, 71941", "-93.038835, 34.3280699"
"59", "WAD020257945", "BURLINGTON ENVIRONMENTAL LLC TACOMA", "1701 E ALEXANDER  AVE", "TACOMA", "WA", 98421, "1701 E ALEXANDER  AVE, TACOMA, WA, 98421", "-122.391888, 47.270192"
"60", "MAC300012457", "BURTS FURNITURE  STRIPPING  INC", "34 FRONT ST", "SPRINGFIELD", "MA", 1151, "34 FRONT ST, SPRINGFIELD, MA, 1151", "-72.506654, 42.160155"
"61", "KYD005009923", "CALGON CARBON CORPORATION", "15024 US RT 23 SOUTH", "CATLETTSBURG", "KY", 41129, "15024 US RT 23 SOUTH, CATLETTSBURG, KY, 41129", "-82.5773388, 38.3166224"
"62", "AZD983472168", "CAPITAL METAL FINISHING", "508 E 25TH ST", "TUCSON", "AZ", 85713, "508 E 25TH ST, TUCSON, AZ, 85713", "-110.961483, 32.203429"
"63", "CAR000175257", "CAROLINA LOGISTICS  SERVICES LLC", "701A SOUTH SALLY PLACE", "FULLERTON", "CA", 92831, "701A SOUTH SALLY PLACE, FULLERTON, CA, 92831", "-117.90341, 33.863986"
"64", "SCD003351996", "CAROLINA PLATING WORKS INC", "1101 W BLUE RIDGE DR", "GREENVILLE", "SC", 29609, "1101 W BLUE RIDGE DR, GREENVILLE, SC, 29609", "-82.4279429, 34.8790677"
"65", "ILR000157362", "CARTER, TROY", "2958 NATION RD", "SALEM", "IL", 62881, "2958 NATION RD, SALEM, IL, 62881", "NA, NA"
"66", "LAR000024976", "CCS MIDSTREAM  SERVICES LLC", "10845 HIGHWAY 1, SOUTH", "SHREVEPORT", "LA", 71115, "10845 HIGHWAY 1, SOUTH, SHREVEPORT, LA, 71115", "NA, NA"
"67", "IAR000506436", "CEDAR VALLEY ELECTROPLATING", "5611 WESTMINSTER DR", "CEDAR FALLS", "IA", 50613, "5611 WESTMINSTER DR, CEDAR FALLS, IA, 50613", "-92.4531219, 42.48895"
"68", "PAR000517722", "CELLULAR CONCCRETE  LLC", "421 SCHANTZ RD", "ALLENTOWN", "PA", 18104, "421 SCHANTZ RD, ALLENTOWN, PA, 18104", "-75.552201, 40.573923"
"69", "MID980568521", "CERTIFIED  METAL FINISHING  INC", "424 W MAIN ST", "BENTON HARBOR", "MI", 49022, "424 W MAIN ST, BENTON HARBOR, MI, 49022", "-86.4635045, 42.113901"
"70", "CAR000092296", "CHAPMAN TRUCKING", "6603 WILLIAMSBURG PL", "STOCKTON", "CA", 95207, "6603 WILLIAMSBURG PL, STOCKTON, CA, 95207", "-121.338022, 38.005327"
"71", "NJD982533192", "CHASE FACILE, INC.", "4-22 ERIE STREET", "PATERSON", "NJ", 7524, "4-22 ERIE STREET, PATERSON, NJ, 7524", "-74.1585871, 40.9330089"
"72", "NMR000008177", "CHAVA TRUCKING", "6313 STATE RD 47 SE", "ALBUQUERQUE", "NM", 87105, "6313 STATE RD 47 SE, ALBUQUERQUE, NM, 87105", "-106.6556183, 34.9842209"
"73", "ILD000665372", "CHEM-PLATE  INDUSTRIES  INC", "30 N 8TH AVE", "MAYWOOD", "IL", 60153, "30 N 8TH AVE, MAYWOOD, IL, 60153", "-87.8429564, 41.8894906"
"74", "ILD048843809", "CHEMETCO  INC", "3754 CHEMETCO  LN", "HARTFORD", "IL", 62048, "3754 CHEMETCO  LN, HARTFORD, IL, 62048", "-90.1016929, 38.7966357"
"75", "AZD008398505", "CHEMRESEARCH CO., INC.", "1130 W. HILTON AVE.", "PHOENIX", "AZ", 85007, "1130 W. HILTON AVE., PHOENIX, AZ, 85007", "-112.0882947, 33.4272597"
"76", "VAD980721088", "CHEMSOLV,  INC. FORMERLY  TRADING AS CHEMI", "1140 INDUSTRY  AVENUE, SE", "ROANOKE", "VA", 24013, "1140 INDUSTRY  AVENUE, SE, ROANOKE, VA, 24013", "-79.918959, 37.2565"
"77", "MDA000017446", "CHESAPEAKE AIRWAYS SERVICES,  INC.", "5585 AIRPORT ROAD", "SALISBURY", "MD", 21801, "5585 AIRPORT ROAD, SALISBURY, MD, 21801", "NA, NA"
"78", "HIT160010005", "CHEVRON HAWAII REFINERY", "91-480 MALAKOLE  STREET", "KAPOLEI", "HI", 96707, "91-480 MALAKOLE  STREET, KAPOLEI, HI, 96707", "NA, NA"
"79", "ILD010605574", "CHICAGO EXTRUDED  METALS CO", "1601 S 54TH AVE", "CICERO", "IL", 60804, "1601 S 54TH AVE, CICERO, IL, 60804", "NA, NA"
"80", "ILD005170766", "CHICAGO INK AND RESEARCH  CO INC", "97 IDA ST", "ANTIOCH", "IL", 60002, "97 IDA ST, ANTIOCH, IL, 60002", "-88.089301, 42.476059"
"81", "KSD030625917", "CHROME PLUS INTERNATIONAL, INCORPORATED", "3939 W 29TH ST S", "WICHITA", "KS", 67217, "3939 W 29TH ST S, WICHITA, KS, 67217", "-97.388053, 37.64084"
"82", "MTD006238083", "CHS INC LAUREL REFINERY", "803 US HWY 212 S", "LAUREL", "MT", 59044, "803 US HWY 212 S, LAUREL, MT, 59044", "-108.76727, 45.659994"
"83", "TXD051161990", "CITGO CORPUS CHRISTI REFINERY  E PLANT &", "1801 NUECES BAY BLVD", "CORPUS CHRISTI", "TX", 78407, "1801 NUECES BAY BLVD, CORPUS CHRISTI, TX, 78407", "-97.4207386, 27.8062088"
"84", "CAR000031740", "CLASSIC PLATING INC", "2985 E MIRALOMA  AVE", "ANAHEIM", "CA", 92806, "2985 E MIRALOMA  AVE, ANAHEIM, CA, 92806", "-117.865566, 33.857673"
"85", "LAD010395127", "CLEAN HARBORS BATON ROUGE, LLC", "13351 SCENIC HIGHWAY", "BATON ROUGE", "LA", 70807, "13351 SCENIC HIGHWAY, BATON ROUGE, LA, 70807", "-91.209904, 30.563687"
"86", "ILD984805317", "CLEAR LAM PACKAGING  INC", "1950 PRATT BLVD", "ELK GROVE VILLAGE", "IL", 60007, "1950 PRATT BLVD, ELK GROVE VILLAGE, IL, 60007", "-87.952474, 41.999359"
"87", "OHR000149021", "CLEVELAND  TRENCHER", "20100 ST CLAIR AVE", "EUCLID", "OH", 44117, "20100 ST CLAIR AVE, EUCLID, OH, 44117", "-81.537293, 41.578944"
"88", "RIR000504464", "COLLEGIUM  PHARMACEUTICAL", "400B HIGHLAND  CORPORATE  DR", "CUMBERLAND", "RI", 2864, "400B HIGHLAND  CORPORATE  DR, CUMBERLAND, RI, 2864", "-71.468778, 41.993451"
"89", "IAD047303771", "COLLIS INC", "2005 S 19TH ST", "CLINTON", "IA", 52732, "2005 S 19TH ST, CLINTON, IA, 52732", "-90.2307363, 41.825854"
"90", "WAD990828642", "COLUMBIA  GORGE ALUMINUM", "85 JOHN DAY DAM RD", "GOLDENDALE", "WA", 98620, "85 JOHN DAY DAM RD, GOLDENDALE, WA, 98620", "NA, NA"
"91", "OHD004209409", "COMMERCIAL ANODIZING  CO", "38387 APOLLO PKWY", "WILLOUGHBY", "OH", 44094, "38387 APOLLO PKWY, WILLOUGHBY, OH, 44094", "-81.400076, 41.650765"
"92", "IDR000201475", "COMMERCIAL FUEL RECYCLING  LLC", "720 SUGAR AVE", "NAMPA", "ID", 83687, "720 SUGAR AVE, NAMPA, ID, 83687", "-116.5429261, 43.5909466"
"93", "MAD001047224", "COMMERCIAL SHEETMETAL CO INC", "465 TURNPIKE  ST", "CANTON", "MA", 2021, "465 TURNPIKE  ST, CANTON, MA, 2021", "-71.110916, 42.166702"
"94", "OHD060431947", "CONTAINER  COMPLIANCE CORP", "5151 DENISON AVE", "CLEVELAND", "OH", 44102, "5151 DENISON AVE, CLEVELAND, OH, 44102", "-81.72505, 41.455144"
"95", "FLD982130098", "CONTINENTAL CLEANERS  INC", "798 NW 62ND ST", "MIAMI", "FL", 33150, "798 NW 62ND ST, MIAMI, FL, 33150", "-80.210274, 25.831945"
"96", "PRR000014183", "CREATIVE MEDICAL CORP", "CARR 172 KM 9.4 BO", "CIDRA", "PR", 739, "CARR 172 KM 9.4 BO, CIDRA, PR, 739", "NA, NA"
"97", "OH0000359117", "CUSTOM AEROSOL PACKAGING", "543 STAUNTON  ST", "PIQUA", "OH", 45356, "543 STAUNTON  ST, PIQUA, OH, 45356", "-84.230113, 40.140083"
"98", "MAR000008151", "CUSTOM CHROME LLC", "161 GRAHAM RD", "FALL RIVER", "MA", 2720, "161 GRAHAM RD, FALL RIVER, MA, 2720", "-71.108164, 41.744152"
"99", "OHR000132365", "CYLINDER PROCESSORS INC", "1415 GRANDIN RD", "KINGS MILLS", "OH", 45039, "1415 GRANDIN RD, KINGS MILLS, OH, 45039", "-84.242301, 39.350149"
"100", "RID980668123", "D & D CHROME PLATING", "355 DEXTER ST", "PROVIDENCE", "RI", 2907, "355 DEXTER ST, PROVIDENCE, RI, 2907", "-71.4292369, 41.8067534"
"101", "ORQ000027119", "D.B. WESTERN,  INC.", "1299 NW MCDANIEL  ROAD", "POWELL BUTTE", "OR", 97753, "1299 NW MCDANIEL  ROAD, POWELL BUTTE, OR, 97753", "NA, NA"
"102", "OHD000724278", "DELTA FUELS INC", "1820 FRONT ST", "TOLEDO", "OH", 43605, "1820 FRONT ST, TOLEDO, OH, 43605", "NA, NA"
"103", "MSR000103820", "DELTA STATE UNIVERSITY", "1003 W. SUNFLOWER  ROAD", "CLEVELAND", "MS", 38733, "1003 W. SUNFLOWER  ROAD, CLEVELAND, MS, 38733", "NA, NA"
"104", "PRN008022048", "DEPARTAMENTO DE VIVIENDA RURAL", "ST RD 1 KM 98.9", "SANTA ISABEL", "PR", 757, "ST RD 1 KM 98.9, SANTA ISABEL, PR, 757", "NA, NA"
"105", "CAD981370539", "DIAMOND OIL SVC", "4902 EDNA RD", "SAN LUIS OBISPO", "CA", 93401, "4902 EDNA RD, SAN LUIS OBISPO, CA, 93401", "-120.6309458, 35.2335942"
"106", "OHD004170650", "DLH PLATING LLC DBA EMPIGARD  METAL FINIS", "2801 GRAND AVE", "CLEVELAND", "OH", 44104, "2801 GRAND AVE, CLEVELAND, OH, 44104", "-81.6284518, 41.484372"
"107", "AZR000508259", "DLUBAK GLASS COMPANY", "19472 S AVENUE 1 E", "YUMA", "AZ", 85365, "19472 S AVENUE 1 E, YUMA, AZ, 85365", "-114.6149005, 32.5675765"
"108", "MID005320254", "DSC LTD", "28000 W JEFFERSON  AVE", "GIBRALTAR", "MI", 48173, "28000 W JEFFERSON  AVE, GIBRALTAR, MI, 48173", "-83.203566, 42.104362"
"109", "OHD058383126", "DUBRO OIL CO", "2400 MULBERRY  AVE", "CLEVELAND", "OH", 44113, "2400 MULBERRY  AVE, CLEVELAND, OH, 44113", "-81.708797, 41.495029"
"110", "CAD093245645", "DUCOMMUN  AEROSTRUCTURES, INC.", "4001 EL MIRAGE ROAD", "EL MIRAGE", "CA", 92301, "4001 EL MIRAGE ROAD, EL MIRAGE, CA, 92301", "-117.583509, 34.598962"
"111", "OHD004196630", "DUFFIN MANUFACTURING COMPANY", "316 WARDEN AVENUE", "ELYRIA", "OH", 44036, "316 WARDEN AVENUE, ELYRIA, OH, 44036", "-82.1204939, 41.389959"
"112", "IAR000512707", "DUKE AERIAL INC", "65037 BOSTON RD", "ATLANTIC", "IA", 50022, "65037 BOSTON RD, ATLANTIC, IA, 50022", "-95.0037242, 41.4900676"
"113", "TXD008079212", "E I DUPONT DE NEMOURS LA PORTE PLANT", "12501 STRANG RD", "LA PORTE", "TX", 77571, "12501 STRANG RD, LA PORTE, TX, 77571", "-95.0378698, 29.702552"
"114", "CT5000001859", "E O MANUFACTURING CO INC", "4 HORTON PL", "WEST HAVEN", "CT", 6516, "4 HORTON PL, WEST HAVEN, CT, 6516", "NA, NA"
"115", "CAD003963592", "ECS REFINING", "705 REED STREET", "SANTA CLARA", "CA", 95050, "705 REED STREET, SANTA CLARA, CA, 95050", "NA, NA"
"116", "OHD004176145", "ELBERT BUILDING CO", "447 OBERLIN-ELYRIA RD", "ELYRIA", "OH", 44035, "447 OBERLIN-ELYRIA RD, ELYRIA, OH, 44035", "-82.1163163, 41.3436036"
"117", "PAD014146179", "ELDREDGE  INC", "898 FERNHILL RD", "WEST CHESTER", "PA", 19380, "898 FERNHILL RD, WEST CHESTER, PA, 19380", "-75.591634, 39.975737"
"118", "KSR000505792", "ELECSYS CORP", "846 N MART-WAY  CT", "OLATHE", "KS", 66061, "846 N MART-WAY  CT, OLATHE, KS, 66061", "-94.7927483, 38.8933121"
"119", "OHR000137794", "ELECTRIC REFINING", "1313- 1329 CLINTON ST", "TOLEDO", "OH", 43607, "1313- 1329 CLINTON ST, TOLEDO, OH, 43607", "-83.584074, 41.653734"
"120", "MID072782857", "ELECTRO PLATING SERVICE INC", "5900 COMMONWEALTH ST", "DETROIT", "MI", 48208, "5900 COMMONWEALTH ST, DETROIT, MI, 48208", "-83.084151, 42.360705"
"121", "MID042444687", "ELECTRO-PLATING SERVICE INC", "945 E 10 MILE RD", "MADISON HEIGHTS", "MI", 48071, "945 E 10 MILE RD, MADISON HEIGHTS, MI, 48071", "-83.096357, 42.476489"
"122", "CAR000020875", "ELECTROCHEM SOLUTIONS,  LLC", "32500 CENTRAL AVENUE", "UNION CITY", "CA", 95487, "32500 CENTRAL AVENUE, UNION CITY, CA, 95487", "-122.0377478, 37.6046581"
"123", "CAD981991037", "ELECTROLURGY, INC.", "1121 DURYEA AVE.", "IRVINE", "CA", 92641, "1121 DURYEA AVE., IRVINE, CA, 92641", "-117.854561, 33.7028949"
"124", "PAD981109135", "ELLWOOD QUALITY STEELS CO", "700 MORAVIA ST", "NEW CASTLE", "PA", 16101, "700 MORAVIA ST, NEW CASTLE, PA, 16101", "-80.3469005, 40.9935167"
"125", "NYR000020362", "ENTERPRISE  CLEANERS", "37-26 30TH ST", "QUEENS", "NY", 11101, "37-26 30TH ST, QUEENS, NY, 11101", "-73.9325729, 40.7544973"
"126", "MDR000516104", "ENVIRONMENTAL PRESERVATION ASSOCIATION", "12036 OLD BALTIMORE  PIKE", "BELTSVILLE", "MD", 20705, "12036 OLD BALTIMORE  PIKE, BELTSVILLE, MD, 20705", "NA, NA"
"127", "CTD072138969", "ENVIRONMENTAL WASTE RESOURCES  INC", "130 FREIGHT ST", "WATERBURY", "CT", 6702, "130 FREIGHT ST, WATERBURY, CT, 6702", "NA, NA"
"128", "MID060975844", "EQ RESOURCE  RECOVERY  INC", "36345 VAN BORN RD", "ROMULUS", "MI", 48174, "36345 VAN BORN RD, ROMULUS, MI, 48174", "-83.394548, 42.262957"
"129", "IAD045372836", "EQUISTAR  CHEMICALS  LP", "3400 ANAMOSA RD", "CLINTON", "IA", 52732, "3400 ANAMOSA RD, CLINTON, IA, 52732", "-90.2890522, 41.8092234"
"130", "ILD048296180", "EQUISTAR  CHEMICALS  LP", "8805 N TABLER RD", "MORRIS", "IL", 60450, "8805 N TABLER RD, MORRIS, IL, 60450", "-88.329589, 41.416838"
"131", "OHD004325411", "ERAMET MARIETTA  INC", "STATE RTE 7 S", "MARIETTA", "OH", 45750, "STATE RTE 7 S, MARIETTA, OH, 45750", "-80.7401627, 40.0757288"
"132", "OHD981195233", "ERIEVIEW  METAL TREATING  CO INC", "4465 JOHNSTON  PKWY", "CLEVELAND", "OH", 44128, "4465 JOHNSTON  PKWY, CLEVELAND, OH, 44128", "-81.57844, 41.43811"
"133", "IND173408170", "ERINCRAFT  INC", "402 TRUESDELL  AVE", "LA PORTE", "IN", 46350, "402 TRUESDELL  AVE, LA PORTE, IN, 46350", "-86.7294792, 41.6191664"
"134", "DED002276764", "EVRAZ CLAYMONT  STEEL", "4001 PHILADELPHIA PIKE", "CLAYMONT", "DE", 19703, "4001 PHILADELPHIA PIKE, CLAYMONT, DE, 19703", "-75.446868, 39.810424"
"135", "NYD002011450", "EXCELSIOR  PACKAGING  GROUP", "159 ALEXANDER  STREET", "YONKERS", "NY", 10701, "159 ALEXANDER  STREET, YONKERS, NY, 10701", "-73.902045, 40.941749"
"136", "TXR000078023", "EXTREME METAL FINISHING", "830 FM 515", "EMORY", "TX", 75440, "830 FM 515, EMORY, TX, 75440", "-95.733962, 32.868903"
"137", "TXR000058388", "EXTREME METAL FINISHING  INC", "581 INDUSTRIAL  BLVD", "POINT", "TX", 75472, "581 INDUSTRIAL  BLVD, POINT, TX, 75472", "-95.8768811, 32.9358488"
"138", "AZR000000083", "FELTON KING CO", "611 S 15TH AVE", "PHOENIX", "AZ", 85007, "611 S 15TH AVE, PHOENIX, AZ, 85007", "NA, NA"
"139", "MTR000204412", "FERGUS COUNTY ROAD AND BRIDGE  DEPT", "205 ARMORY RD", "LEWISTOWN", "MT", 59457, "205 ARMORY RD, LEWISTOWN, MT, 59457", "NA, NA"
"140", "IAT200010999", "FIRSTCO INC", "455 S BLUE GRASS RD", "WALCOTT", "IA", 52773, "455 S BLUE GRASS RD, WALCOTT, IA, 52773", "-90.7614399, 41.583087"
"141", "PAD038428454", "FLEETWOOD  MOTOR HOMES OF PA", "P.O. DRAWER 5", "PAXINOS", "PA", 17860, "P.O. DRAWER 5, PAXINOS, PA, 17860", "-76.5806193, 40.8508803"
"142", "FLD004107017", "FLORIDA FENCE POST CO", "5251 SR 64 W", "ONA", "FL", 33865, "5251 SR 64 W, ONA, FL, 33865", "-81.920034, 27.481585"
"143", "WVD004319539", "FOLLANSBEE PLANT", "1851 MAIN ST", "FOLLANSBEE", "WV", 26037, "1851 MAIN ST, FOLLANSBEE, WV, 26037", "-80.5960623, 40.3367813"
"144", "CAR000156927", "FONTANA POLISHING  AND PLATING", "130 W MINDANAO  ST", "BLOOMINGTON", "CA", 92316, "130 W MINDANAO  ST, BLOOMINGTON, CA, 92316", "-117.3711268, 34.0601488"
"145", "ARR000021766", "FORTY-NINER METALS MANAGEMENT LLC", "4722 & 4758 HWY 49 N", "PARAGOULD", "AR", 72450, "4722 & 4758 HWY 49 N, PARAGOULD, AR, 72450", "13.7596502, 48.3457551"
"146", "LAD985187046", "FREELAND  PROD INC", "75412 HWY 25", "COVINGTON", "LA", 70435, "75412 HWY 25, COVINGTON, LA, 70435", "-90.125642, 30.530436"
"147", "ILR000080457", "FREEMAN ENVIRONMENTAL SERVICES", "720 N DIVISION", "CARTERVILLE", "IL", 62918, "720 N DIVISION, CARTERVILLE, IL, 62918", "-89.0774319, 37.7697229"
"148", "NYR000034363", "FRESH CLEANERS  & LAUNDRY INC", "39-26 30TH ST", "LONG ISLAND CITY", "NY", 11101, "39-26 30TH ST, LONG ISLAND CITY, NY, 11101", "-73.9345869, 40.7525199"
"149", "ILR000024018", "G&K SVCS INC", "8201 S CORK AVE", "JUSTICE", "IL", 60458, "8201 S CORK AVE, JUSTICE, IL, 60458", "-87.8383478, 41.7412432"
"150", "CAD009107749", "GALLO GLASS COMPANY", "605 S. SANTA CRUZ AVE.", "MODESTO", "CA", 95354, "605 S. SANTA CRUZ AVE., MODESTO, CA, 95354", "NA, NA"
"151", "NCD003448610", "GALVAN INDUSTRIES  INC", "NC HWY 49", "HARRISBURG", "NC", 28075, "NC HWY 49, HARRISBURG, NC, 28075", "NA, NA"
"152", "CAD046442612", "GARDENA PLATING COMPANY,  INC.", "12901 S. WESTERN AVE.", "GARDENA", "CA", 90249, "12901 S. WESTERN AVE., GARDENA, CA, 90249", "-118.309674, 33.9150149"
"153", "KSD981699523", "GARSITE LLC", "500 S MILL", "KANSAS CITY", "KS", 66105, "500 S MILL, KANSAS CITY, KS, 66105", "-94.631647, 39.088992"
"154", "OHR000139790", "GEM COATINGS", "5840 INDUSTRIAL  DR", "ATHENS", "OH", 45701, "5840 INDUSTRIAL  DR, ATHENS, OH, 45701", "-82.1782166, 39.3808686"
"155", "MAR000007609", "GEM GROUP INC", "9 INTERNATIONAL WAY", "LAWRENCE", "MA", 1843, "9 INTERNATIONAL WAY, LAWRENCE, MA, 1843", "-71.1793494, 42.6897355"
"156", "OHD004178612", "GENERAL ENVIRONMENTAL MANAGEMENT LLC", "2655 TRANSPORT  ROAD", "CLEVELAND", "OH", 44115, "2655 TRANSPORT  ROAD, CLEVELAND, OH, 44115", "-81.671225, 41.486944"
"157", "MSD007031230", "GEORGIA GULF CHEMICALS  & VINYLS, LLC", "715 HWY 25 S", "ABERDEEN", "MS", 39730, "715 HWY 25 S, ABERDEEN, MS, 39730", "-88.5840769, 33.790355"
"158", "OHD046424875", "GLOBAL METERING  SYSTEMS", "240 BALDWIN DR", "LANCASTER", "OH", 43130, "240 BALDWIN DR, LANCASTER, OH, 43130", "-82.571101, 39.7163169"
"159", "MDD001710227", "GRACE DAVISON, W.R. GRACE & CO. - CONN", "5500 CHEMICAL  RD", "BALTIMORE", "MD", 21226, "5500 CHEMICAL  RD, BALTIMORE, MD, 21226", "-76.570677, 39.214445"
"160", "OHD980903827", "GRAY CONTAINER  LLC", "2800 E 90TH ST", "CLEVELAND", "OH", 44104, "2800 E 90TH ST, CLEVELAND, OH, 44104", "-81.6252563, 41.4833189"
"161", "GAD003282803", "GREENFIELD  ENV SAVANNAH  TRUST LLC (FORME", "1 KERR MCGEE ROAD", "SAVANNAH", "GA", 31404, "1 KERR MCGEE ROAD, SAVANNAH, GA, 31404", "-81.0404035, 32.0668156"
"162", "MOD007146673", "GREYSTONE  GRAPHICS", "1841 VERNON ST", "NORTH KANSAS CITY", "MO", 64116, "1841 VERNON ST, NORTH KANSAS CITY, MO, 64116", "NA, NA"
"163", "MOR000043133", "HAMMOND  POST & LUMBER", "14112 HWY 63", "LICKING", "MO", 65542, "14112 HWY 63, LICKING, MO, 65542", "NA, NA"
"164", "MOD985799121", "HAYES LUMBER CO", "HWY 63 S", "VIENNA", "MO", 65582, "HWY 63 S, VIENNA, MO, 65582", "-92.3245876, 39.2474372"
"165", "CAD983596131", "HEAVENLY  MOUNTAIN  RESORT", "3860 SADDLE ROAD", "SOUTH LAKE TAHOE", "CA", 96150, "3860 SADDLE ROAD, SOUTH LAKE TAHOE, CA, 96150", "-119.9404779, 38.9348063"
"166", "MSD008182081", "HERCULES  INCORPORATED", "613 WEST 7TH STREET", "HATTIESBURG", "MS", 39401, "613 WEST 7TH STREET, HATTIESBURG, MS, 39401", "-89.344842, 31.3353291"
"167", "FLR000154278", "HERITAGE  - CRYSTAL CLEAN LLC", "11643 103RD ST", "JACKSONVILLE", "FL", 32210, "11643 103RD ST, JACKSONVILLE, FL, 32210", "-81.858093, 30.247755"
"168", "IND058484114", "HERITAGE  TRANSPORT  LLC", "1626 RESEARCH  WAY", "INDIANAPOLIS", "IN", 46231, "1626 RESEARCH  WAY, INDIANAPOLIS, IN, 46231", "-86.298841, 39.741859"
"169", "MOD006273635", "HOMER A DOERR & SONS PLATING COMPANY", "2408 N LEFFINGWELL AVE", "ST LOUIS", "MO", 63106, "2408 N LEFFINGWELL AVE, ST LOUIS, MO, 63106", "-90.2152775, 38.6494755"
"170", "KYR000049957", "HOSEA PROJECT MOVERS", "3951 MADISON PIKE", "COVINGTON", "KY", 41017, "3951 MADISON PIKE, COVINGTON, KY, 41017", "-84.532931, 39.006215"
"171", "IND980615678", "HOSKINS MFG CO", "71103 CTY RD 23", "NEW PARIS", "IN", 46553, "71103 CTY RD 23, NEW PARIS, IN, 46553", "-85.839854, 41.462618"
"172", "MOR000043174", "HOUSTON WOOD TREATING  CO", "16841 OAK HILL RD", "HOUSTON", "MO", 65483, "16841 OAK HILL RD, HOUSTON, MO, 65483", "-91.9375993, 37.3436225"
"173", "TXD095214185", "HOWMET CASTINGS  & SERVICES", "6200 CENTRAL FWY N", "WICHITA FALLS", "TX", 76305, "6200 CENTRAL FWY N, WICHITA FALLS, TX, 76305", "-98.5516053, 34.0149169"
"174", "WIR000000836", "HWY 54 TOWING & REPAIR LLC", "N5999 HWY 54 WEST", "BLACK RIVER FALLS", "WI", 54615, "N5999 HWY 54 WEST, BLACK RIVER FALLS, WI, 54615", "NA, NA"
"175", "CAD981679053", "HYDRANAUTICS OCEANSIDE", "401 JONES ROAD", "OCEANSIDE", "CA", 92058, "401 JONES ROAD, OCEANSIDE, CA, 92058", "NA, NA"
"176", "MOD007179823", "HYDRO ALUMINUM NORTH AMERICA", "808 COUNTY RD", "MONETT", "MO", 65708, "808 COUNTY RD, MONETT, MO, 65708", "-93.911433, 36.917698"
"177", "ILD984766279", "HYDROMET  ENVIRONMENTAL USA", "2475 E RTE 36", "NEWMAN", "IL", 61942, "2475 E RTE 36, NEWMAN, IL, 61942", "-88.0031873, 39.7922179"
"178", "MSR000101196", "HYDROMEX,  INC", "700 INDUSTRIAL  PARKWAY", "YAZOO CITY", "MS", 39194, "700 INDUSTRIAL  PARKWAY, YAZOO CITY, MS, 39194", "-90.433905, 32.844235"
"179", "ILR000060814", "IMPERIAL INDUSTRIES  INC", "180 KAREN DR", "KINGSTON", "IL", 60145, "180 KAREN DR, KINGSTON, IL, 60145", "-88.763319, 42.0991082"
"180", "WAD980977847", "INCHELIUM  TRIBAL WOOD TREATMENT  PLANT", "BRIDGE CREEK TWIN LAKES RD", "INCHELIUM", "WA", 99138, "BRIDGE CREEK TWIN LAKES RD, INCHELIUM, WA, 99138", "-113.1829406, 46.1504836"
"181", "MAD065779514", "INDEPENDENT TRUCK SERVICE", "481 HARTFORD  TPKE", "SHREWSBURY", "MA", 1545, "481 HARTFORD  TPKE, SHREWSBURY, MA, 1545", "-71.704844, 42.257561"
"182", "IND005421623", "INDIANA HEAT TRANSFER  CORP", "500 W HARRISON  ST", "PLYMOUTH", "IN", 46563, "500 W HARRISON  ST, PLYMOUTH, IN, 46563", "-86.3144159, 41.3473737"
"183", "VAR000008896", "INDMAR COATINGS  CORP", "237 W MAIN ST", "WAKEFIELD", "VA", 23888, "237 W MAIN ST, WAKEFIELD, VA, 23888", "-76.9879223, 36.9684538"
"184", "VAR000508614", "INDMAR COATINGS  CORPORATION", "317 W. MAIN STREET", "WAKEFIELD", "VA", 23888, "317 W. MAIN STREET, WAKEFIELD, VA, 23888", "-76.9901468, 36.9677343"
"185", "LAD985192764", "INNOPHOS,  INC.", "10810 HIGHWAY 75", "GEISMAR", "LA", 70734, "10810 HIGHWAY 75, GEISMAR, LA, 70734", "-91.024112, 30.2026831"
"186", "PAR000513838", "INSITUFORM  TECHNOLOGIES INC", "912 STANTON RD", "OLYPHANT", "PA", 18447, "912 STANTON RD, OLYPHANT, PA, 18447", "NA, NA"
"187", "PRD987367604", "INTERAMERICAN UNIV SAN GERMAN", "CALLE LUNA", "SAN GERMAN", "PR", 753, "CALLE LUNA, SAN GERMAN, PR, 753", "NA, NA"
"188", "MOD007129935", "INTERNATIONAL PAPER JOPLIN TWP", "2609 S RANGE LINE RD", "JOPLIN", "MO", 64804, "2609 S RANGE LINE RD, JOPLIN, MO, 64804", "-94.4780872, 37.0619191"
"189", "MDD985404383", "INTERNATIONAL WOOD PRODUCTS", "RAILROAD & PARK AVES", "QUEEN ANNE", "MD", 21657, "RAILROAD & PARK AVES, QUEEN ANNE, MD, 21657", "34.8726738, 31.8789969"
"190", "ILR000038810", "INTERSTATE  CHEMICAL  CO", "23247 W EAMES RTE 6", "CHANNAHON", "IL", 60410, "23247 W EAMES RTE 6, CHANNAHON, IL, 60410", "-88.178109, 41.465378"
"191", "PAD002395325", "ITT CORP", "3100 CHARLOTTE  AVE", "EASTON", "PA", 18045, "3100 CHARLOTTE  AVE, EASTON, PA, 18045", "-75.267982, 40.6809579"
"192", "NJR000074245", "J D INTERNATIONAL LIGHTING INC", "130 MOUNT HOLLY BYPASS SUITE 1", "LUMBERTON", "NJ", 8048, "130 MOUNT HOLLY BYPASS SUITE 1, LUMBERTON, NJ, 8048", "-74.8031, 39.9787"
"193", "IDD009073511", "J R SIMPLOT CO DON PLANT SOUTH", "1150 W HWY 30", "POCATELLO", "ID", 83201, "1150 W HWY 30, POCATELLO, ID, 83201", "-112.4353805, 42.8580082"
"194", "CAR000191486", "J. B. RADIATOR  SPECIALTIES, INC", "8441 SPECIALTY  CIRCLE", "SACRAMENTO", "CA", 95829, "8441 SPECIALTY  CIRCLE, SACRAMENTO, CA, 95829", "-121.394774, 38.502348"
"195", "NVU009000016", "JD INTERNATIONAL LIGHTING", "4320 N LAMB BLVD STE 200", "LAS VEGAS", "NV", 89115, "4320 N LAMB BLVD STE 200, LAS VEGAS, NV, 89115", "-115.079349, 36.238324"
"196", "ILD024917106", "JO AN LAUNDRY AND CLEANERS", "339 S MAIN", "ANNA", "IL", 62906, "339 S MAIN, ANNA, IL, 62906", "-89.2492299, 37.4591772"
"197", "CTR000008029", "JOHNSON MEMORIAL  HOSPITAL", "201 CHESTNUT  HILL RD", "STAFFORD  SPRINGS", "CT", 6076, "201 CHESTNUT  HILL RD, STAFFORD  SPRINGS, CT, 6076", "-72.3912473, 41.9776824"
"198", "MID005390695", "K C JONES PLATING ADHESIVE & SEALANT DIV", "2845 E 10 MILE RD", "WARREN", "MI", 48091, "2845 E 10 MILE RD, WARREN, MI, 48091", "NA, NA"
"199", "WVD016087322", "KESSEL LUMBER SUPPLY INC", "ONE MILE S INT RTS 50 & 220", "KEYSER", "WV", 26726, "ONE MILE S INT RTS 50 & 220, KEYSER, WV, 26726", "NA, NA"
"200", "NM9570024423", "KIRTLAND AFB", "2000 WYOMING BLVD SE", "KIRTLAND AFB", "NM", 87117, "2000 WYOMING BLVD SE, KIRTLAND AFB, NM, 87117", "-106.5505131, 35.0657732"
"201", "VAD105838874", "KMX CHEMICAL  CORP.", "30474 ENERGY DRIVE", "NEW CHURCH", "VA", 23415, "30474 ENERGY DRIVE, NEW CHURCH, VA, 23415", "-75.5354242, 37.9757313"
"202", "NCD042086694", "LANNESS K MCKEE & CO INC", "404 SANDY ST", "FAIRMONT", "NC", 28340, "404 SANDY ST, FAIRMONT, NC, 28340", "-79.1754255, 34.551814"
"203", "OHR000161646", "LARRY LEWIS JUNKYARD", "305 S MCKINLEY ST", "HAVILAND", "OH", 45851, "305 S MCKINLEY ST, HAVILAND, OH, 45851", "-84.580607, 41.016566"
"204", "TXD987992690", "LEADING EDGE AVIATION SERVICES", "10801 BAKER ST", "AMARILLO", "TX", 79111, "10801 BAKER ST, AMARILLO, TX, 79111", "-101.6984125, 35.2222162"
"205", "CAR000162115", "LEADING EDGE AVIATION SERVICES INC", "13010 AEROSPACE  DRIVE LEAS", "VICTORVILLE", "CA", 92394, "13010 AEROSPACE  DRIVE LEAS, VICTORVILLE, CA, 92394", "-117.3498955, 34.5639731"
"206", "CAR000158964", "LEADING EDGE AVIATION SERVICES,  INC.", "13516 PHANTOM ROAD", "VICTORVILLE", "CA", 92394, "13516 PHANTOM ROAD, VICTORVILLE, CA, 92394", "-117.3735722, 34.5878218"
"207", "GAD054223987", "LEGION INDUSTRIES  INC", "370 MILLS RD", "WAYNESBORO", "GA", 30830, "370 MILLS RD, WAYNESBORO, GA, 30830", "-82.005932, 33.102557"
"208", "TXD008429193", "LINDON MANUFACTURING & LABORATORY LLC", "7610 WALLISVILLE  RD", "HOUSTON", "TX", 77020, "7610 WALLISVILLE  RD, HOUSTON, TX, 77020", "-95.2896109, 29.787601"
"209", "LAD043193374", "LISBON REFINERY  JV, LLC", "18647 HWY 2", "LISBON", "LA", 71048, "18647 HWY 2, LISBON, LA, 71048", "-92.8394714, 32.7979309"
"210", "TXR000079187", "LOAD TRAIL", "2097 FM 2352", "SUMNER", "TX", 75486, "2097 FM 2352, SUMNER, TX, 75486", "-95.6356822, 33.7583114"
"211", "TXD008016404", "LOADCRAFT  INDUSTRIES", "US HIGHWAY 377 N", "BRADY", "TX", 76825, "US HIGHWAY 377 N, BRADY, TX, 76825", "-98.2541469, 32.1977089"
"212", "NJD094952215", "MACMILLAN  BLOEDELL CONTAINER", "601 LEHIGH AVE", "UNION", "NJ", 7083, "601 LEHIGH AVE, UNION, NJ, 7083", "-74.252594, 40.676269"
"213", "TTR000000075", "MARIANAS  CLEANERS", "SUSUPE", "SAIPAN", "TT", 96950, "SUSUPE, SAIPAN, TT, 96950", "145.7061, 15.1609"
"214", "OHD987046232", "MASTER VISION PLATING", "5311 WEBSTER ST", "DAYTON", "OH", 45414, "5311 WEBSTER ST, DAYTON, OH, 45414", "-84.1794267, 39.8176892"
"215", "PAD004835146", "MAX ENV TECH INC", "233 MAX LANE", "YUKON", "PA", 15698, "233 MAX LANE, YUKON, PA, 15698", "-79.699292, 40.212226"
"216", "TXR000079409", "MCC RECYCLING", "200 N RICHEY ST", "PASADENA", "TX", 77506, "200 N RICHEY ST, PASADENA, TX, 77506", "-95.219284, 29.71546"
"217", "TXR000057497", "MCCULLOCH  COUNTY PRECINCT  NO 1", "WEST 17TH AT OLD CALF CREEK RD", "BRADY", "TX", 76825, "WEST 17TH AT OLD CALF CREEK RD, BRADY, TX, 76825", "-99.3426626, 31.1188532"
"218", "MID053343638", "METAL AND WELDING INDUSTRIES  INC", "20101 HOOVER ST", "DETROIT", "MI", 48205, "20101 HOOVER ST, DETROIT, MI, 48205", "-83.0052448, 42.4449551"
"219", "GAR000035162", "METAL CONVERSION TECHNOLOGIES LLC", "1 EAST PORTER ST", "CARTERSVILLE", "GA", 30120, "1 EAST PORTER ST, CARTERSVILLE, GA, 30120", "NA, NA"
"220", "NYD006977086", "METALICO  ALUMINUM RECOVERY,  INC.", "6223 THOMPSON  ROAD", "SYRACUSE", "NY", 13206, "6223 THOMPSON  ROAD, SYRACUSE, NY, 13206", "NA, NA"
"221", "PAD002297299", "METLAB", "1000 E MERMAID LN", "WYNDMOOR", "PA", 19038, "1000 E MERMAID LN, WYNDMOOR, PA, 19038", "-75.1842414, 40.08112"
"222", "KSD981725393", "METROPOLITAN TOPEKA AIRPORT AUTH", "FORBES FIELD, BLDG. #186", "TOPEKA", "KS", 66619, "FORBES FIELD, BLDG. #186, TOPEKA, KS, 66619", "-95.6848359, 38.9448668"
"223", "MID005499116", "MICHNER PLATING CO", "520-536 N MECHANIC  ST", "JACKSON", "MI", 49201, "520-536 N MECHANIC  ST, JACKSON, MI, 49201", "-84.4061045, 42.2544624"
"224", "MID981089220", "MICHNER PLATING CO", "1725 ANGLING RD", "JACKSON", "MI", 49203, "1725 ANGLING RD, JACKSON, MI, 49203", "-84.382338, 42.2300014"
"225", "CAD990769465", "MINERAL KING MINERALS INC", "10585 INDUSTRY  AVE", "HANFORD", "CA", 93230, "10585 INDUSTRY  AVE, HANFORD, CA, 93230", "-119.647086, 36.277244"
"226", "MSD077909133", "MISSISSIPPI  PHOSPHATES CORPORATION", "601 HIGHWAY 611", "PASCAGOULA", "MS", 39568, "601 HIGHWAY 611, PASCAGOULA, MS, 39568", "-88.5007738, 30.3790978"
"227", "MOD006312243", "MISSOURI  WOOD TREATING  CO INC", "120 ANDERSON  LN", "RAYMONDVILLE", "MO", 65555, "120 ANDERSON  LN, RAYMONDVILLE, MO, 65555", "-91.8293526, 37.3455104"
"228", "MAD096285762", "MOBIL 2463", "386 MAIN ST", "MELROSE", "MA", 2176, "386 MAIN ST, MELROSE, MA, 2176", "-71.066935, 42.452946"
"229", "OHD004155347", "MORGAN ADHESIVE COMPANY (MACTAC)", "4560 DARROW  RD", "STOW", "OH", 44224, "4560 DARROW  RD, STOW, OH, 44224", "-81.444969, 41.1896569"
"230", "FLR000142612", "MORGAN ENVIRONMENTAL ENTERPRISES", "4889 S FLORIDA AVE", "INVERNESS", "FL", 34450, "4889 S FLORIDA AVE, INVERNESS, FL, 34450", "-82.3024111, 28.7904886"
"231", "CAL000269058", "MORRELL'S  ELECTRO PLATING, INC", "432 EUCLID AVE", "COMPTON", "CA", 90222, "432 EUCLID AVE, COMPTON, CA, 90222", "NA, NA"
"232", "FLD003952033", "MOSAIC FERTILIZER  LLC", "3200 US HWY 60 W (A)", "BARTOW", "FL", 33830, "3200 US HWY 60 W (A), BARTOW, FL, 33830", "NA, NA"
"233", "FLD004106415", "MOSAIC FERTILIZER  LLC", "4000 SR 60 E", "MULBERRY", "FL", 33860, "4000 SR 60 E, MULBERRY, FL, 33860", "-81.940138, 27.892438"
"234", "FLD043055003", "MOSAIC FERTILIZER  LLC", "4390 CR 640 W", "BARTOW", "FL", 33830, "4390 CR 640 W, BARTOW, FL, 33830", "-81.8761819, 27.8330666"
"235", "FLD084717545", "MOSAIC FERTILIZER  LLC", "3095 COUNTY ROAD 640 W", "MULBERRY", "FL", 33860, "3095 COUNTY ROAD 640 W, MULBERRY, FL, 33860", "-81.972222, 27.851523"
"236", "FLD092980150", "MOSAIC FERTILIZER  LLC", "7450 COUNTY ROAD 630", "MULBERRY", "FL", 33860, "7450 COUNTY ROAD 630, MULBERRY, FL, 33860", "-81.984229, 27.7430785"
"237", "LAD056031636", "MOSAIC FERTILIZER  LLC", "9959 HWY 18", "ST JAMES", "LA", 70086, "9959 HWY 18, ST JAMES, LA, 70086", "-90.916278, 30.099101"
"238", "LAD059545756", "MOSAIC FERTILIZER  LLC", "7250 HWY 44", "UNCLE SAM", "LA", 70792, "7250 HWY 44, UNCLE SAM, LA, 70792", "-90.77, 30.02"
"239", "FLD064696107", "MOSAIC FERTILIZER  LLC - RIVERVIEW  FACILI", "8813 US HIGHWAY 41", "RIVERVIEW", "FL", 33569, "8813 US HIGHWAY 41, RIVERVIEW, FL, 33569", "-82.3849541, 27.8636469"
"240", "OHR000014605", "MULTI SERVICE INC", "1962 RADIO ROAD", "DAYTON", "OH", 45431, "1962 RADIO ROAD, DAYTON, OH, 45431", "-84.128563, 39.771322"
"241", "PAD002373165", "N W CONTROLS  INC", "2210 SHELLY RD", "HARLEYSVILLE", "PA", 19438, "2210 SHELLY RD, HARLEYSVILLE, PA, 19438", "-75.424044, 40.290071"
"242", "CA7170090016", "NAVAL AIR STATION NORTH ISLAND (NASNO) H", "BLDG 1606", "SAN DIEGO", "CA", 92135, "BLDG 1606, SAN DIEGO, CA, 92135", "-117.1504308, 32.732158"
"243", "NVD000627034", "NEWMONT  MINING CORP GOLD QUARRY", "6 MILES NORTH OF CARLIN", "CARLIN", "NV", 89822, "6 MILES NORTH OF CARLIN, CARLIN, NV, 89822", "NA, NA"
"244", "IAD005264338", "NICHOLS ALUMINUM - DAVENPORT  LLC", "1725 ROCKINGHAM RD", "DAVENPORT", "IA", 52801, "1725 ROCKINGHAM RD, DAVENPORT, IA, 52801", "-90.602419, 41.517657"
"245", "TND054481205", "NISSAN NORTH AMERICA INC", "983 NISSAN DRIVE", "SMYRNA", "TN", 37167, "983 NISSAN DRIVE, SMYRNA, TN, 37167", "-86.495233, 35.962481"
"246", "KYD136936366", "NORTHERN  KENTUCKY  UNIVERSITY", "NUNN DRIVE", "HIGHLAND  HEIGHTS", "KY", 41099, "NUNN DRIVE, HIGHLAND  HEIGHTS, KY, 41099", "-84.465228, 39.040583"
"247", "RID040098352", "NORTHLAND  ENVIRONMENTAL INC.", "275 ALLENS AVE", "PROVIDENCE", "RI", 2905, "275 ALLENS AVE, PROVIDENCE, RI, 2905", "-71.4029375, 41.8060265"
"248", "IDD000466888", "NU WEST INDUSTRIES  INC DBA AGRIUM", "3010 CONDA RD", "SODA SPRINGS", "ID", 83276, "3010 CONDA RD, SODA SPRINGS, ID, 83276", "-111.6046687, 42.6543652"
"249", "PAD048047575", "NVF", "400 W MULBERRY  ST", "KENNETT  SQUARE", "PA", 19348, "400 W MULBERRY  ST, KENNETT  SQUARE, PA, 19348", "-75.7153135, 39.8428541"
"250", "MOR000536243", "ODDBALL SALVAGE", "11971 GRANDVIEW  RD", "GRANDVIEW", "MO", 64030, "11971 GRANDVIEW  RD, GRANDVIEW, MO, 64030", "-94.5335013, 38.9080864"
"251", "WAH000011585", "OIL RE REFINING COMPANY INC SPOKANE", "11916 EMPIRE AVE", "SPOKANE", "WA", 99206, "11916 EMPIRE AVE, SPOKANE, WA, 99206", "-117.2453126, 47.6906168"
"252", "ORD980980775", "OIL RE-FINING  CO. INC DBA INDUSTRIAL  OIL", "1291 LAVERNE AVE", "KLAMATH FALLS", "OR", 97603, "1291 LAVERNE AVE, KLAMATH FALLS, OR, 97603", "-121.7677991, 42.1920933"
"253", "ORQ000024941", "OIL RE-REFINING CO INC", "85951 OLD HWY 99 S", "EUGENE", "OR", 97401, "85951 OLD HWY 99 S, EUGENE, OR, 97401", "-123.5548681, 44.0351182"
"254", "ORD987197092", "OIL RE-REFINING CO TALENT", "800 VALLEY VIEW RD", "TALENT", "OR", 97540, "800 VALLEY VIEW RD, TALENT, OR, 97540", "NA, NA"
"255", "ORD980975692", "OIL REREFINING  CO INC DBA FUEL PROCESSOR", "4150 N SUTTLE RD", "PORTLAND", "OR", 97217, "4150 N SUTTLE RD, PORTLAND, OR, 97217", "NA, NA"
"256", "PRR000019273", "OLEIN RECOVERY  CORP", "STATE RD PR 901 KM 2.7", "YABUCOA", "PR", 767, "STATE RD PR 901 KM 2.7, YABUCOA, PR, 767", "NA, NA"
"257", "TXR000046748", "OPTI-BLAST  INC", "4032B N JACKSON ST", "JACKSONVILLE", "TX", 75766, "4032B N JACKSON ST, JACKSONVILLE, TX, 75766", "-95.278619, 32.0069072"
"258", "ILR000132928", "P&P KINCAID", "ZENOBIA RD OFF RTE 104", "PAWNEE", "IL", 62558, "ZENOBIA RD OFF RTE 104, PAWNEE, IL, 62558", "-89.5803739, 39.5917186"
"259", "MOD981704455", "PARK MARK INC", "2909 BARRETT  STATION RD", "ST LOUIS", "MO", 63122, "2909 BARRETT  STATION RD, ST LOUIS, MO, 63122", "-90.464777, 38.574739"
"260", "AZD041456872", "PAS TECHNOLOGIES (PHOENIX DIVISION)", "1021 N 22ND AVENUE", "PHOENIX", "AZ", 85009, "1021 N 22ND AVENUE, PHOENIX, AZ, 85009", "-112.105569, 33.4591939"
"261", "LAD980875934", "PCS NITROGEN  FERTILIZER,  L.P.", "HIGHWAY 3115", "GEISMAR", "LA", 70734, "HIGHWAY 3115, GEISMAR, LA, 70734", "-91.0532932, 30.2344122"
"262", "LAR000054791", "PCS NITROGEN  FERTILIZERS LP", "HWY 75 AND HWY 3115", "GEISMAR", "LA", 70734, "HWY 75 AND HWY 3115, GEISMAR, LA, 70734", "-91.0593968, 30.2183539"
"263", "HI1170024334", "PEARL HARBOR NAVAL COMPLEX/HICKAM AFB", "850 TICONDEROGA ST", "PEARL HARBOR", "HI", 96860, "850 TICONDEROGA ST, PEARL HARBOR, HI, 96860", "-157.9493822, 21.3501233"
"264", "HI6170024339", "PEARL HARBOR NAVAL SHIPYARD AND INTERMED", "667 SAFEGUARD  STREET, SUITE 10", "PEARL HARBOR", "HI", 96860, "667 SAFEGUARD  STREET, SUITE 10, PEARL HARBOR, HI, 96860", "-157.9515849, 21.3512394"
"265", "PAD041398348", "PENN UNION CORP", "229 WATERFORD ST", "EDINBORO", "PA", 16412, "229 WATERFORD ST, EDINBORO, PA, 16412", "-80.121623, 41.879112"
"266", "GAD093380814", "PERMA FIX OF SOUTH GEORGIA INC", "1612 JAMES P.  RODGERS CIRCLE", "VALDOSTA", "GA", 31601, "1612 JAMES P.  RODGERS CIRCLE, VALDOSTA, GA, 31601", "-83.2786023, 30.7978701"
"267", "MDD000804963", "PIER-SOL INC", "8800 KELSO DR", "BALTIMORE", "MD", 21221, "8800 KELSO DR, BALTIMORE, MD, 21221", "-76.476226, 39.335036"
"268", "KSD984970426", "PIONEER BALLOON CO INC", "2400 PIONEER DR", "EL DORADO", "KS", 67042, "2400 PIONEER DR, EL DORADO, KS, 67042", "-96.882402, 37.832544"
"269", "OHD068896778", "PLASTECH  ENGINEERED PRODUCTS  INC ANDOVE", "205 MAPLE ST EXT", "ANDOVER", "OH", 44003, "205 MAPLE ST EXT, ANDOVER, OH, 44003", "-80.572296, 41.6067211"
"270", "IDD009061714", "POLES INC", "400 E FIRST ST", "OLDTOWN", "ID", 83822, "400 E FIRST ST, OLDTOWN, ID, 83822", "-117.0374388, 48.1808625"
"271", "COR000213066", "PREFERRED  MEDICAL PRODUCTS", "8100 S AKRON ST    STE 311", "ENGLEWOOD", "CO", 80112, "8100 S AKRON ST    STE 311, ENGLEWOOD, CO, 80112", "-104.8826113, 39.5690259"
"272", "ILD041889023", "PREMCOR REFINING GROUP INC", "201 E HAWTHORN  AVE", "HARTFORD", "IL", 62048, "201 E HAWTHORN  AVE, HARTFORD, IL, 62048", "-90.0932793, 38.8335593"
"273", "PRD980644470", "PREPA - AGUIRRE GENERATING COMPLEX", "ROAD #3 KM 152.3", "AGUIRRE", "PR", 704, "ROAD #3 KM 152.3, AGUIRRE, PR, 704", "NA, NA"
"274", "ILD984843987", "PULSAR INC", "9901 W PACIFIC AVE", "FRANKLIN PARK", "IL", 60131, "9901 W PACIFIC AVE, FRANKLIN PARK, IL, 60131", "-87.8731417, 41.9389684"
"275", "ILD001833714", "PVS CHEMICAL  SOLUTIONS  INC", "12260 S CARONDOLET", "CHICAGO", "IL", 60633, "12260 S CARONDOLET, CHICAGO, IL, 60633", "-87.5495898, 41.6735767"
"276", "OHD004477634", "QUEEN CITY BARREL CO", "1937 SOUTH ST", "CINCINNATI", "OH", 45204, "1937 SOUTH ST, CINCINNATI, OH, 45204", "-84.5502939, 39.107565"
"277", "NVD096691886", "QUEENSTAKE RESOURCES  JERRITT CANYON MIN", "E50 MI NORTH OF MOUNTAIN  CITY", "ELKO", "NV", 89801, "E50 MI NORTH OF MOUNTAIN  CITY, ELKO, NV, 89801", "NA, NA"
"278", "RID075684530", "R & R POLISHING  INC", "37 FLETCHER  AVE", "CRANSTON", "RI", 2920, "37 FLETCHER  AVE, CRANSTON, RI, 2920", "NA, NA"
"279", "CAD982519506", "R SQUARED CIRCUITS INC", "120 BLUE RAVINE ROAD, STE #1", "FOLSOM", "CA", 95630, "120 BLUE RAVINE ROAD, STE #1, FOLSOM, CA, 95630", "-121.187201, 38.650636"
"280", "ARR000013250", "RAWHIDE TRAILERS INC", "89 PILGRAM REST RD", "GREENBRIER", "AR", 72058, "89 PILGRAM REST RD, GREENBRIER, AR, 72058", "-92.505177, 35.213324"
"281", "MIK691312557", "REGAL RECYCLING  LLC", "645 LUCY RD", "HOWELL", "MI", 48843, "645 LUCY RD, HOWELL, MI, 48843", "-83.9141399, 42.592526"
"282", "MDD980537690", "RELIANCE TREATED WOOD", "FEDERALSBURG INDUSTRIAL  PARK", "FEDERALSBURG", "MD", 21632, "FEDERALSBURG INDUSTRIAL  PARK, FEDERALSBURG, MD, 21632", "-75.754577, 38.684516"
"283", "MOD985796622", "REVELLE WOOD TREATING", "13495 HWY 38", "BUCYRUS", "MO", 65444, "13495 HWY 38, BUCYRUS, MO, 65444", "-92.0718719, 37.346796"
"284", "OHR000142661", "RICEFORD  ROAD WASTE SITE", "2090 RICEFORD  ROAD SW", "EAST SPARTA", "OH", 44626, "2090 RICEFORD  ROAD SW, EAST SPARTA, OH, 44626", "-81.390409, 40.704567"
"285", "NER000503052", "RICHARD AND STEVEN PAYNE", "5430 W ONE-R RD", "GRAND ISLAND", "NE", 68803, "5430 W ONE-R RD, GRAND ISLAND, NE, 68803", "-98.444266, 41.0036437"
"286", "OHR000011221", "RICHLAND MOULDED BRICK CO", "1000 RICHLAND SHALE RD", "MANSFIELD", "OH", 44903, "1000 RICHLAND SHALE RD, MANSFIELD, OH, 44903", "-82.495334, 40.829246"
"287", "VAD982570095", "RICHMOND  POWDER COATING,  INC.", "5124 GLENN ALDEN DR", "RICHMOND", "VA", 23231, "5124 GLENN ALDEN DR, RICHMOND, VA, 23231", "-77.354971, 37.514949"
"288", "TXR000032383", "RIVER CITY METAL FINISHING", "12040 POTRANCO  RD", "SAN ANTONIO", "TX", 78253, "12040 POTRANCO  RD, SAN ANTONIO, TX, 78253", "-98.7215338, 29.4331485"
"289", "ILD005234141", "RIVER SHANNON RECYCLING", "13605 S HALSTED ST", "RIVERDALE", "IL", 60627, "13605 S HALSTED ST, RIVERDALE, IL, 60627", "-87.637983, 41.6475719"
"290", "CAL000190816", "RIVERBANK  OIL TRANSFER,  LLC", "5300 CLAUS RD. BLDG 11", "RIVERBANK", "CA", 95367, "5300 CLAUS RD. BLDG 11, RIVERBANK, CA, 95367", "-120.9177246, 37.7161636"
"291", "CAR000032946", "RL ANODIZING", "11331 PENROSE STREET", "SUN VALLEY", "CA", 91352, "11331 PENROSE STREET, SUN VALLEY, CA, 91352", "-118.3784817, 34.2243337"
"292", "CAR000083451", "RMS FINISHING,  INC.", "5777 SOESTERN  COURT", "CHINO", "CA", 91710, "5777 SOESTERN  COURT, CHINO, CA, 91710", "NA, NA"
"293", "MER000507194", "RP BOAT INC.", "11 RP ROAD", "STEUBEN", "ME", 4680, "11 RP ROAD, STEUBEN, ME, 4680", "NA, NA"
"294", "CTR000509448", "SAGAS LLC", "0 MIDDLETOWN RD", "EAST BERLIN", "CT", 6037, "0 MIDDLETOWN RD, EAST BERLIN, CT, 6037", "-72.7464316, 41.6172726"
"295", "CAD051707818", "SAINT-GOBAIN CONTAINERS, INC.", "24441 AVENUE 12", "MADERA", "CA", 93637, "24441 AVENUE 12, MADERA, CA, 93637", "-120.1026511, 36.9237604"
"296", "CAR000177865", "SANTILLANES TOWING AND SALVAGE", "69062 FILLMORE ST", "THERMAL", "CA", 92274, "69062 FILLMORE ST, THERMAL, CA, 92274", "-116.12918, 33.638247"
"297", "PAD086718566", "SAPA EXTRUDER  INC", "330 ELMWOOD  RD", "MOUNTAIN  TOP", "PA", 18707, "330 ELMWOOD  RD, MOUNTAIN  TOP, PA, 18707", "-75.8981147, 41.1336232"
"298", "CAD067734186", "SAPA EXTRUDER,  INC.", "18111 E. RAILROAD STREET", "INDUSTRY", "CA", 91748, "18111 E. RAILROAD STREET, INDUSTRY, CA, 91748", "-117.907602, 33.998191"
"299", "NCS000001639", "SARAH GIBSON PROPERTY", "7313 CLINTON RD", "STEDMAN", "NC", 28352, "7313 CLINTON RD, STEDMAN, NC, 28352", "-78.700462, 35.016208"
"300", "NJR000054783", "SCER SUPREME INC", "1950 RUTGERS UNIVERSITY  BLVD", "LAKEWOOD", "NJ", 8701, "1950 RUTGERS UNIVERSITY  BLVD, LAKEWOOD, NJ, 8701", "-74.1599881, 40.073094"
"301", "SCD982084105", "SCIENCEUTICALS", "230 DEMING WAY", "SUMMERVILLE", "SC", 29483, "230 DEMING WAY, SUMMERVILLE, SC, 29483", "-80.208409, 33.045135"
"302", "PRD987376662", "SCORPIO RECYCLING  INC", "STATE RD #2 KM 19.7", "CANDELERIA   WARD", "PR", 949, "STATE RD #2 KM 19.7, CANDELERIA   WARD, PR, 949", "NA, NA"
"303", "OHT400012050", "SENCO PRODUCTS  INC", "8450 BROADWELL  RD", "CINCINNATI", "OH", 45244, "8450 BROADWELL  RD, CINCINNATI, OH, 45244", "NA, NA"
"304", "CAD080912587", "SFPP, L.P. - MISSION VALLEY", "9950 SAN DIEGO MISSION ROAD", "SAN DIEGO", "CA", 92108, "9950 SAN DIEGO MISSION ROAD, SAN DIEGO, CA, 92108", "NA, NA"
"305", "IN0000050971", "SG SOLUTIONS  LLC", "444 WEST SANDFORD  AVENUE", "WEST TERRE HAUTE", "IN", 47885, "444 WEST SANDFORD  AVENUE, WEST TERRE HAUTE, IN, 47885", "-87.4285067, 39.5404918"
"306", "MDD000215160", "SHERWIN-WILLIAMS", "2325 HOLLINS FERRY RD", "BALTIMORE", "MD", 21230, "2325 HOLLINS FERRY RD, BALTIMORE, MD, 21230", "-76.6421841, 39.2639547"
"307", "GAD051011344", "SIGNAL ENERGY HOLDINGS  CORPORATION", "7982 HUEY ROAD", "DOUGLASVILLE", "GA", 30134, "7982 HUEY ROAD, DOUGLASVILLE, GA, 30134", "-84.730371, 33.761949"
"308", "OHD018221853", "SIMONDS INDUSTRIES  INC", "641 HELLER DR", "NEWCOMERSTOWN", "OH", 43832, "641 HELLER DR, NEWCOMERSTOWN, OH, 43832", "-81.607441, 40.265963"
"309", "IAR000514380", "SIOUX PHARM INC AND SIOUX BIOCHEMICAL IN", "121 19TH ST SW", "SIOUX CENTER", "IA", 51250, "121 19TH ST SW, SIOUX CENTER, IA, 51250", "-96.1791452, 43.0576084"
"310", "IAD005264460", "SIVYER STEEL CORP", "225 S 33RD ST", "BETTENDORF", "IA", 52722, "225 S 33RD ST, BETTENDORF, IA, 52722", "-90.485835, 41.524975"
"311", "WAD027572205", "SMITH CHROME PLATING", "1012 N 9TH AVE", "WALLA WALLA", "WA", 99362, "1012 N 9TH AVE, WALLA WALLA, WA, 99362", "-118.350771, 46.075593"
"312", "OHD982419764", "SMITTY'S CAR CRAFT", "747 SUGAR LANE", "ELYRIA", "OH", 44035, "747 SUGAR LANE, ELYRIA, OH, 44035", "-82.0738949, 41.356949"
"313", "PRR000017657", "SOUTHERN  PATHOLOGY  SERVICES INC", "234 CALLE A PARQUE IND SABANET", "PONCE", "PR", 715, "234 CALLE A PARQUE IND SABANET, PONCE, PR, 715", "NA, NA"
"314", "PRN008020679", "SP FABRICATORS", "RD 3 KM. 76.9 RIO ABAJO WARD", "HUMACAO", "PR", 792, "RD 3 KM. 76.9 RIO ABAJO WARD, HUMACAO, PR, 792", "NA, NA"
"315", "FLR000147082", "SPACE COAST OIL EQUIPMENT  & TANK SERVICE", "494 CARVER RD", "ROCKLEDGE", "FL", 32955, "494 CARVER RD, ROCKLEDGE, FL, 32955", "-80.697885, 28.277155"
"316", "MND064762784", "SPECTRO ALLOYS CORP.", "13220 DOYLE PATH", "ROSEMOUNT", "MN", 55068, "13220 DOYLE PATH, ROSEMOUNT, MN, 55068", "-93.011444, 44.757449"
"317", "ILD000814665", "SPRAYLAT  CORP", "1701 E 122ND ST", "CHICAGO", "IL", 60633, "1701 E 122ND ST, CHICAGO, IL, 60633", "-87.5772184, 41.6735876"
"318", "OHR000119800", "SR RECYCLE INC", "N OF INTRSCT US 30 & ST RT 644", "KENSINGTON", "OH", 44427, "N OF INTRSCT US 30 & ST RT 644, KENSINGTON, OH, 44427", "-78.8790683, 42.9339952"
"319", "WIR000006767", "ST CROIX TRUCK TRAILER", "1851 HWY 63", "NEW RICHMOND", "WI", 54017, "1851 HWY 63, NEW RICHMOND, WI, 54017", "-92.382756, 45.130249"
"320", "KSD056577646", "ST FRANCIS VIA CHRISTI RMC", "929 N ST FRANCIS", "WICHITA", "KS", 67214, "929 N ST FRANCIS, WICHITA, KS, 67214", "-97.331726, 37.7001359"
"321", "MOD055453187", "STOWERS INSTITUTE  FOR MEDICAL RESEARCH", "4949 ROCKHILL RD", "KANSAS CITY", "MO", 64110, "4949 ROCKHILL RD, KANSAS CITY, MO, 64110", "-94.5774679, 39.0375842"
"322", "NYD065946535", "SUFFOLK METAL FINISHING  COMPANY INC", "COATES AVE", "HOLBROOK", "NY", 11741, "COATES AVE, HOLBROOK, NY, 11741", "-73.080221, 40.798388"
"323", "MOD006321947", "SULLENS LUMBER & TREATED POST", "W PULASKI ST", "RICHLAND", "MO", 65556, "W PULASKI ST, RICHLAND, MO, 65556", "-92.401723, 37.859603"
"324", "OHR000007278", "SUMMIT ENVIRONMENTAL TECHNOLOGIES", "595 E TALLMADGE  AVE", "AKRON", "OH", 44310, "595 E TALLMADGE  AVE, AKRON, OH, 44310", "NA, NA"
"325", "LAD065471112", "SUN DRILLING PRODUCTS  INC.", "503 MAIN STREET", "BELLE CHASSE", "LA", 70037, "503 MAIN STREET, BELLE CHASSE, LA, 70037", "-89.9831179, 29.8581361"
"326", "OHD987033131", "SUPERIOR  FORGE & STEEL CORP", "1820 MCCLAIN RD", "LIMA", "OH", 45804, "1820 MCCLAIN RD, LIMA, OH, 45804", "-84.110569, 40.710468"
"327", "PAR000040055", "SUPERIOR  WELL SERVICES", "RT 119N", "BLACK LICK", "PA", 15716, "RT 119N, BLACK LICK, PA, 15716", "-79.1980536, 40.4727345"
"328", "OHR000150979", "T-RICK INDUSTRIES", "837 BUCKINGHAM STREET", "TOLEDO", "OH", 43607, "837 BUCKINGHAM STREET, TOLEDO, OH, 43607", "-83.5646698, 41.6429375"
"329", "OHD071641633", "TAYLORS INDUSTRIAL  SERVICES LLC", "820 WEST MARION RD", "MOUNT GILEAD", "OH", 43338, "820 WEST MARION RD, MOUNT GILEAD, OH, 43338", "-82.855041, 40.550841"
"330", "MAC300004660", "TECHNICALLY INC", "155B NEW BOSTON ST", "WOBURN", "MA", 1801, "155B NEW BOSTON ST, WOBURN, MA, 1801", "-71.1441157, 42.5088539"
"331", "INR000116863", "TESTWORTH LABORATORIES", "401 S MAIN ST", "COLUMBIA  CITY", "IN", 46725, "401 S MAIN ST, COLUMBIA  CITY, IN, 46725", "-85.4883129, 41.1536899"
"332", "MOD985818111", "THEISS PLATING CORP", "9314 MANCHESTER AVE", "ST LOUIS", "MO", 63119, "9314 MANCHESTER AVE, ST LOUIS, MO, 63119", "-90.3654925, 38.6090759"
"333", "OHT400013058", "THOMPSON  WASTE OIL", "537 AND 357 BUCK HOLLOW RD", "LUCASVILLE", "OH", 45648, "537 AND 357 BUCK HOLLOW RD, LUCASVILLE, OH, 45648", "-83.0455, 38.9099"
"334", "MOD057752875", "TIMBER INDUSTRIES  INC", "N HWY 19", "SALEM", "MO", 65560, "N HWY 19, SALEM, MO, 65560", "-91.4706457, 37.5200301"
"335", "OHD106483522", "TOLEDO FOREST PRODUCTS", "13010 ECKEL JUNCTION  RD", "PERRYSBURG", "OH", 43551, "13010 ECKEL JUNCTION  RD, PERRYSBURG, OH, 43551", "NA, NA"
"336", "NYD088413877", "TONAWANDA  COKE CORPORATION", "3875 RIVER RD", "TONAWANDA", "NY", 14150, "3875 RIVER RD, TONAWANDA, NY, 14150", "NA, NA"
"337", "HID984468959", "TOSCO WAIANAE BULK PLANT 0837", "87 523 FARRINGTON HWY", "WAIANAE", "HI", 96792, "87 523 FARRINGTON HWY, WAIANAE, HI, 96792", "-158.145404, 21.39933"
"338", "VAD081753881", "TRANSPRINT USA", "1000 PLEASANT  VALLEY ROAD", "HARRISONBURG", "VA", 22801, "1000 PLEASANT  VALLEY ROAD, HARRISONBURG, VA, 22801", "-78.9000208, 38.3915198"
"339", "CAR000083865", "TRIDENT PLATING INC.", "10046 ROMANDEL  AVENUE", "SANTA FE SPRINGS", "CA", 90670, "10046 ROMANDEL  AVENUE, SANTA FE SPRINGS, CA, 90670", "-118.059645, 33.945453"
"340", "TND183166412", "TRISON COATINGS,  INC.", "801 GARRETT  PARKWAY", "LEWISBURG", "TN", 37047, "801 GARRETT  PARKWAY, LEWISBURG, TN, 37047", "-86.756942, 35.430774"
"341", "PAD981039613", "TYCO ELECTRONICS", "209 SHELLYLAND  RD", "MANHEIM", "PA", 17545, "209 SHELLYLAND  RD, MANHEIM, PA, 17545", "-76.4719514, 40.1238845"
"342", "COR000013482", "UNICIRCUIT  INC", "8192 SOUTHPARK  LN", "LITTLETON", "CO", 80120, "8192 SOUTHPARK  LN, LITTLETON, CO, 80120", "-105.004563, 39.569071"
"343", "RID982755324", "UNIQUE PLATING CO., INC.", "66 MILL ST.", "JOHNSTON", "RI", 2919, "66 MILL ST., JOHNSTON, RI, 2919", "-71.488021, 41.795865"
"344", "HIR000135392", "UNITEK SOLVENT SVCS INC HILO", "110 KALANIKOA  AVE", "HILO", "HI", 96720, "110 KALANIKOA  AVE, HILO, HI, 96720", "-155.0658624, 19.7206558"
"345", "KSD980852669", "UNIVERSITY  OF KANSAS H W A F", "2301 CROWELL DR", "LAWRENCE", "KS", 66045, "2301 CROWELL DR, LAWRENCE, KS, 66045", "-95.2627197, 38.948397"
"346", "ID3572124557", "US AFB MOUNTAIN  HOME", "1100 LIBERATOR  ST", "MOUNTAIN  HOME AFB", "ID", 83648, "1100 LIBERATOR  ST, MOUNTAIN  HOME AFB, ID, 83648", "-115.8646227, 43.0504714"
"347", "WA7890008967", "US DEPT OF ENERGY HANFORD FACILITY", "HANFORD FACILITY", "RICHLAND", "WA", 99352, "HANFORD FACILITY, RICHLAND, WA, 99352", "NA, NA"
"348", "UTD000690867", "US MAGNESIUM  LLC", "12819 NORTH", "SKULL VALLEY", "UT", 84029, "12819 NORTH, SKULL VALLEY, UT, 84029", "-112.738228, 40.5549778"
"349", "NER000007732", "USA TIRE MANAGEMENT INC", "4901 G ST", "SOUTH SIOUX CITY", "NE", 68776, "4901 G ST, SOUTH SIOUX CITY, NE, 68776", "-96.4040449, 42.451716"
"350", "AZD981433980", "VALKYRIE INDUSTRIES", "6033 W SHERMAN ST", "PHOENIX", "AZ", 85043, "6033 W SHERMAN ST, PHOENIX, AZ, 85043", "-112.190598, 33.4396429"
"351", "TXD007357932", "VAN DER HORST USA", "419 E GROVE ST", "TERRELL", "TX", 75160, "419 E GROVE ST, TERRELL, TX, 75160", "-96.273757, 32.734485"
"352", "MID151368537", "VEMCO INC", "10230 N HOLLY RD", "GRAND BLANC", "MI", 48439, "10230 N HOLLY RD, GRAND BLANC, MI, 48439", "-83.6305234, 42.8824454"
"353", "MID982642183", "VEMCO INC", "5050 KENDRICK  ST SE", "GRAND RAPIDS", "MI", 49512, "5050 KENDRICK  ST SE, GRAND RAPIDS, MI, 49512", "-85.539947, 42.872324"
"354", "WAD980987622", "VENOIL LLC ANACORTES", "9390 S MARCH PT RD", "ANACORTES", "WA", 98221, "9390 S MARCH PT RD, ANACORTES, WA, 98221", "-122.5397908, 48.4650683"
"355", "AZ0000337360", "VEOLIA ES TECHNICAL  SOLUTIONS  LLC", "5736 W JEFFERSON  ST", "PHOENIX", "AZ", 85043, "5736 W JEFFERSON  ST, PHOENIX, AZ, 85043", "-112.184839, 33.446653"
"356", "NYD001638329", "VERNON PLATING WORKS, INC", "33-18 57TH STREET", "WOODSIDE", "NY", 11377, "33-18 57TH STREET, WOODSIDE, NY, 11377", "-73.904387, 40.752992"
"357", "VIN008020042", "VI DEPARTMENT OF HEALTH - DIVISION OF EN", "3500 RICHMOND  ESTATE - ROOM 10", "ST CROIX", "VI", 802, "3500 RICHMOND  ESTATE - ROOM 10, ST CROIX, VI, 802", "NA, NA"
"358", "VIN008020133", "VIRGIN ISLANDS DEPARTMENT OF HEALTH - DI", "1303 HOSPITAL GROUND, SUITE 10", "ST THOMAS", "VI", 802, "1303 HOSPITAL GROUND, SUITE 10, ST THOMAS, VI, 802", "NA, NA"
"359", "MSR000101642", "VLI, INC.", "HIGHWAY 63 & GRAND AVENUE", "LEAKESVILLE", "MS", 39451, "HIGHWAY 63 & GRAND AVENUE, LEAKESVILLE, MS, 39451", "NA, NA"
"360", "PAR000507095", "VOGT FINISHES", "1318 E 12TH ST", "ERIE", "PA", 16503, "1318 E 12TH ST, ERIE, PA, 16503", "-80.052974, 42.133969"
"361", "CTD980906705", "VOLTARC TECHNOLOGIES INC", "400 CAPTAIN NEVILLE DR", "WATERBURY", "CT", 6705, "400 CAPTAIN NEVILLE DR, WATERBURY, CT, 6705", "-72.9751859, 41.537328"
"362", "WIR000135517", "VYSKOCIL BROTHERS  BUILDERS", "W2840 MINK DRIVE", "PHILLIPS", "WI", 54555, "W2840 MINK DRIVE, PHILLIPS, WI, 54555", "-90.1810827, 45.6571359"
"363", "TXD026042168", "WALKER WOOD PRESERVING  CO", "3947 HIGHWAY 146 S", "LIVINGSTON", "TX", 77351, "3947 HIGHWAY 146 S, LIVINGSTON, TX, 77351", "-94.9068834, 30.676488"
"364", "MED054160601", "WE CARE CLEANERS", "17 WENTWORTH ST", "KITTERY", "ME", 3904, "17 WENTWORTH ST, KITTERY, ME, 3904", "-70.743241, 43.087188"
"365", "WVR000016857", "WEST VIRGINIA ORDNANCE  CENTER", "WADSWORTH RD OFF RT 62", "POINT PLEASANT", "WV", 25550, "WADSWORTH RD OFF RT 62, POINT PLEASANT, WV, 25550", "-82.1370889, 38.8445251"
"366", "TXD000449397", "WHITE LION HOLDINGS  LLC", "221 SCOTT ROAD", "ROSENBERG", "TX", 77471, "221 SCOTT ROAD, ROSENBERG, TX, 77471", "-95.8458225, 29.5472408"
"367", "FLD098372360", "WHITE SPRINGS AGRICULTURAL CHEMICAL  INC", "SR 137", "WHITE SPRINGS", "FL", 32096, "SR 137, WHITE SPRINGS, FL, 32096", "-82.7590165, 30.3296697"
"368", "MOR000504456", "WM LAMPTRACKER INC", "415 KAISER INDUSTRIAL  DR", "KAISERR", "MO", 65047, "415 KAISER INDUSTRIAL  DR, KAISERR, MO, 65047", "-92.5693337, 38.1514199"
"369", "TXD027070655", "WOOD INDUSTRIES  PA 1299", "11373 SOUTHTON  RD", "SAN ANTONIO", "TX", 78223, "11373 SOUTHTON  RD, SAN ANTONIO, TX, 78223", "-98.432626, 29.304451"
"370", "WID990829475", "WRR ENVIRONMENTAL SERVICES CO INC", "5200 RYDER RD", "EAU CLAIRE", "WI", 54701, "5200 RYDER RD, EAU CLAIRE, WI, 54701", "NA, NA"
"371", "TND049494941", "Y & S COMPANY", "715 MURFREESBORO ROAD", "NASHVILLE", "TN", 37210, "715 MURFREESBORO ROAD, NASHVILLE, TN, 37210", "-86.732261, 36.138022"
"372", "NVD982445991", "YOUNG ELECTRIC SIGN CO", "5119 S CAMERON ST", "LAS VEGAS", "NV", 89118, "5119 S CAMERON ST, LAS VEGAS, NV, 89118", "-115.204925, 36.0963179"
"373", "SCR000767194", "3R INC", "242 CRAWFORD  CIR", "SPARTANBURG", "SC", 29301, "242 CRAWFORD  CIR, SPARTANBURG, SC, 29301", "-82.0159676, 34.964497"
