Facility_ID,Facility_Name,Facility_Street,Facility_City,"Facility_
State","Facility_ZIP
_Code"
ILD005129697,A FINKL & SONS CO,2011 N SOUTHPORT  AVE,CHICAGO,IL,60614
KSD067966259,A-1 BARREL CO LLC,6035 KANSAS AVE,KANSAS CITY,KS,66111
MOR000525121,ABC LABORATORIES INC,4780 DISCOVERY  DR,COLUMBIA,MO,65201
HIR000135517,ABES AUTO RECYCLERS,96 1268 WAIHONA ST,PEARL CITY,HI,96782
OH0001002781,ACCUBUILT  INC,2550 CENTRAL POINT PKWY,LIMA,OH,45804
OHD004205274,ACCURATE  PLATING CO,6512 CARNEGIE  AVE,CLEVELAND,OH,44103
VAD982363541,"ADVANCED  FINISHING  SYSTEMS,  INC.",2954 GEORGE WASHINGTON MEM HWY,HAYES,VA,23072
OHD061013553,AERO CLASSICS INC,1710 SAWMILL PARKWAY,HURON,OH,44839
TXD099387474,AGRIFOS FERTILIZER,2001 JACKSON RD,PASADENA,TX,77506
KYD005013032,AK STEEL CORPORATION - COKE PLANT,40 TH STREET & WINCHESTER AVE,ASHLAND,KY,41105
OHD004157418,AK STEEL CORPORATION - MANSFIELD  WORKS,913 BOWMAN STREET,MANSFIELD,OH,44903
TXR000060442,ALAMO ENVIRONMENTAL INC,8189 NELSON RD,SAN ANTONIO,TX,78252
AKD980974182,ALASKA DOT & PF SOLDOTNA,MILE POST 96 STERLING HIGHWAY,SOLDOTNA,AK,99669
CAD008297996,ALL METALS PROCESSING CO INC,264 WEST SPAZIER AVE,BURBANK,CA,91502
AZD981634900,"ALL PRO INDUSTRIAL,  LLC",1531 W. 17TH STREET,TEMPE,AZ,85281
CAD982039174,"ALLFAST FASTENING  SYSTEMS,  INC.",15200 DON JULIAN ROAD,CITY OF INDUSTRY,CA,91745
LAD008195968,ALLIED SHIPYARD INC,310 LEDET LANE,LOCKPORT,LA,70374
MDD003062213,ALMAG PLATING CORPORATION,1800 CHERRY HILL RD,BALTIMORE,MD,21230
PRD090472838,AMCOR-FLEXIBLES PUERTO RICO,#50 BALDORIOTY  STREET,CIDRA,PR,00739
TND007029200,AMERICAN  DRUM & PALLET COMPANY,806 WALNUT,MEMPHIS,TN,38101
INR000020644,AMERICAN  IRON OXIDE COMPANY,2001 E CR 700 N,GRANDVIEW,IN,47615
MDD054909072,AMERICAN  PLATING SERVICE INC,4004 E MONUMENT  ST,BALTIMORE,MD,21205
MAD982201055,AMERICAN  RECLAMATION CORP,RTE 20 STURBRIDGE RD,CHARLTON,MA,01507
CAR000069153,AMPAC FINE CHEMICALS  LLC,HWY 50 AND HAZEL ROAD,RANCHO CORDOVA,CA,95670
KSD985013101,"APEX ENGINEERING INTERNATIONAL, L.L.C.",1812 W 2ND ST,WICHITA,KS,67203
MDD044142123,"APPLIED COATING SYSTEMS,  INC.",2915 WILMARCO  AVE,BALTIMORE,MD,21223
WYR000002576,AREA SERVICE INC,2740 COULTER LANE,GILLETTE,WY,82716
KSD054756531,ARICK & SON INC,335 S MERIDIAN,VALLEY CENTER,KS,67147
NYD049199581,"ASTRO ELECTRO;PLATING, INC.",170 CENTRAL AVENUE,FARMINGDALE,NY,11735
TXD044773265,ASTRO PLATING INC,915 ROOSEVELT,SAN ANTONIO,TX,78210
ORD009038761,ATI ALBANY OPERATIONS,530 34TH AVE SW,ALBANY,OR,97321
GAD084914787,ATLANTIC WOOD INDUSTRIES  INC-PT WENTWORT,202 OXNARD DR,PORT WENTWORTH,GA,31407
CAR000165183,BAE SYSTEMS SAN DIEGO SHIP REPAIR MSD,1401 SAMPSON STREET,SAN DIEGO,CA,92113
WIR000047654,BARREL PLATING SERVICE INC,3024 W WALNUT ST,MILWAUKEE,WI,53208
NVD000626531,BARRICK GOLDSTRIKE  MINES INC,27 MILES NORTH OF CARLIN,CARLIN,NV,89822
IAD089570063,BARTON SOLVENTS  INC,2135 9TH AVE,COUNCIL BLUFFS,IA,51501
KSD096537857,BARTON SOLVENTS  INC,201 S CEDAR,VALLEY CENTER,KS,67147
LAD040776809,BASF GEISMAR SITE,8404 HIGHWAY 75,GEISMAR,LA,70734
CAD098321326,"BAY AREA CIRCUITS,  INC.",91 WINSLOW  ST.,REDWOOD  CITY,CA,94063
MDA000031515,"BAY ASSOCIATES  ENVIRO NMENTAL,  INC.",1450 GRIMM ROAD,SEVERN,MD,21144
CAD088838222,"BAYSIDE OIL II, INC.",210 ENCINAL STREET,SANTA CRUZ,CA,95060
OHD087715686,BEDFORD ANODIZING  COMPANY,7010 KRICK ROAD,BEDFORD,OH,44146
NED007268790,BEHLEN MFG CO,4025 E 23RD STREET,COLUMBUS,NE,68601
WID006075162,BENZ OIL INC,12733 W ARDEN PL,BUTLER,WI,53007
HIR000138602,BERING SEA ENV LLC,91 343 KAIHOLO ST,KAPOLEI,HI,96707
MOD143540375,BERRYS WOOD PRODUCTS  INC,7307 S HWY 67,FREDERICKTOWN,MO,63645
OHD081281412,BIEWER JOHN A CO OF OHIO,649 LANDMARK  BLVD,WASHINGTON COURT,HOH,43160
WYR000001859,BILL'S PARTS AND SALVAGE,3153-B U.S. HIGHWAY 287,LANDER,WY,82520
RIR000507863,BIOWASTE  LLC,24 B MARTIN ST,CUMBERLAND,RI,02864
MOR000536201,BOEHRINGER INGELHEIM  VETMEDICA,5606 CORPORATE  DR,ST JOSEPH,MO,64507
MOD007134091,BOEHRINGER INGELHEIM  VETMEDICA  INC,2621 N BELT HWY,ST JOSEPH,MO,64506
OHR000125526,BOLIVAR BLOCK PLANT,509 WATER STREET,BOLIVAR,OH,44653
PAD048603005,BOYERTOWN SANITARY DISPOSAL CO. INC.,300 MERKEL RD,GILBERTSVILLE,PA,19525
ILR000050336,BRADFORD  ELECTRIC CO,925 MISSOURI  AVE,EAST ST LOUIS,IL,62201
IAD005285101,BRAND FX BODY COMPANY,21201 510TH ST,POCAHONTAS,IA,50574
OHD980681571,BRANDON PARTNERS  AKA NORTH EAST CHEM,3301 MONROE AVE,CLEVELAND,OH,44113
IDD984675074,BROADWAY  CENTER LAUNDRY,1217 BROADWAY  #104,BOISE,ID,83706
ARR000021758,BUNN ENGINE REBUILDERS,4892 LUCKY PINE RD,DONALDSON,AR,71941
WAD020257945,BURLINGTON ENVIRONMENTAL LLC TACOMA,1701 E ALEXANDER  AVE,TACOMA,WA,98421
MAC300012457,BURTS FURNITURE  STRIPPING  INC,34 FRONT ST,SPRINGFIELD,MA,01151
KYD005009923,CALGON CARBON CORPORATION,15024 US RT 23 SOUTH,CATLETTSBURG,KY,41129
AZD983472168,CAPITAL METAL FINISHING,508 E 25TH ST,TUCSON,AZ,85713
CAR000175257,CAROLINA LOGISTICS  SERVICES LLC,701A SOUTH SALLY PLACE,FULLERTON,CA,92831
SCD003351996,CAROLINA PLATING WORKS INC,1101 W BLUE RIDGE DR,GREENVILLE,SC,29609
ILR000157362,"CARTER, TROY",2958 NATION RD,SALEM,IL,62881
LAR000024976,CCS MIDSTREAM  SERVICES LLC,"10845 HIGHWAY 1, SOUTH",SHREVEPORT,LA,71115
IAR000506436,CEDAR VALLEY ELECTROPLATING,5611 WESTMINSTER DR,CEDAR FALLS,IA,50613
PAR000517722,CELLULAR CONCCRETE  LLC,421 SCHANTZ RD,ALLENTOWN,PA,18104
MID980568521,CERTIFIED  METAL FINISHING  INC,424 W MAIN ST,BENTON HARBOR,MI,49022
CAR000092296,CHAPMAN TRUCKING,6603 WILLIAMSBURG PL,STOCKTON,CA,95207
NJD982533192,"CHASE FACILE, INC.",4-22 ERIE STREET,PATERSON,NJ,07524
NMR000008177,CHAVA TRUCKING,6313 STATE RD 47 SE,ALBUQUERQUE,NM,87105
ILD000665372,CHEM-PLATE  INDUSTRIES  INC,30 N 8TH AVE,MAYWOOD,IL,60153
ILD048843809,CHEMETCO  INC,3754 CHEMETCO  LN,HARTFORD,IL,62048
AZD008398505,"CHEMRESEARCH CO., INC.",1130 W. HILTON AVE.,PHOENIX,AZ,85007
VAD980721088,"CHEMSOLV,  INC. FORMERLY  TRADING AS CHEMI","1140 INDUSTRY  AVENUE, SE",ROANOKE,VA,24013
MDA000017446,"CHESAPEAKE AIRWAYS SERVICES,  INC.",5585 AIRPORT ROAD,SALISBURY,MD,21801
HIT160010005,CHEVRON HAWAII REFINERY,91-480 MALAKOLE  STREET,KAPOLEI,HI,96707
ILD010605574,CHICAGO EXTRUDED  METALS CO,1601 S 54TH AVE,CICERO,IL,60804
ILD005170766,CHICAGO INK AND RESEARCH  CO INC,97 IDA ST,ANTIOCH,IL,60002
KSD030625917,"CHROME PLUS INTERNATIONAL, INCORPORATED",3939 W 29TH ST S,WICHITA,KS,67217
MTD006238083,CHS INC LAUREL REFINERY,803 US HWY 212 S,LAUREL,MT,59044
TXD051161990,CITGO CORPUS CHRISTI REFINERY  E PLANT &,1801 NUECES BAY BLVD,CORPUS CHRISTI,TX,78407
CAR000031740,CLASSIC PLATING INC,2985 E MIRALOMA  AVE,ANAHEIM,CA,92806
LAD010395127,"CLEAN HARBORS BATON ROUGE, LLC",13351 SCENIC HIGHWAY,BATON ROUGE,LA,70807
ILD984805317,CLEAR LAM PACKAGING  INC,1950 PRATT BLVD,ELK GROVE VILLAGE,IL,60007
OHR000149021,CLEVELAND  TRENCHER,20100 ST CLAIR AVE,EUCLID,OH,44117
RIR000504464,COLLEGIUM  PHARMACEUTICAL,400B HIGHLAND  CORPORATE  DR,CUMBERLAND,RI,02864
IAD047303771,COLLIS INC,2005 S 19TH ST,CLINTON,IA,52732
WAD990828642,COLUMBIA  GORGE ALUMINUM,85 JOHN DAY DAM RD,GOLDENDALE,WA,98620
OHD004209409,COMMERCIAL ANODIZING  CO,38387 APOLLO PKWY,WILLOUGHBY,OH,44094
IDR000201475,COMMERCIAL FUEL RECYCLING  LLC,720 SUGAR AVE,NAMPA,ID,83687
MAD001047224,COMMERCIAL SHEETMETAL CO INC,465 TURNPIKE  ST,CANTON,MA,02021
OHD060431947,CONTAINER  COMPLIANCE CORP,5151 DENISON AVE,CLEVELAND,OH,44102
FLD982130098,CONTINENTAL CLEANERS  INC,798 NW 62ND ST,MIAMI,FL,33150
PRR000014183,CREATIVE MEDICAL CORP,CARR 172 KM 9.4 BO,CIDRA,PR,00739
OH0000359117,CUSTOM AEROSOL PACKAGING,543 STAUNTON  ST,PIQUA,OH,45356
MAR000008151,CUSTOM CHROME LLC,161 GRAHAM RD,FALL RIVER,MA,02720
OHR000132365,CYLINDER PROCESSORS INC,1415 GRANDIN RD,KINGS MILLS,OH,45039
RID980668123,D & D CHROME PLATING,355 DEXTER ST,PROVIDENCE,RI,02907
ORQ000027119,"D.B. WESTERN,  INC.",1299 NW MCDANIEL  ROAD,POWELL BUTTE,OR,97753
OHD000724278,DELTA FUELS INC,1820 FRONT ST,TOLEDO,OH,43605
MSR000103820,DELTA STATE UNIVERSITY,1003 W. SUNFLOWER  ROAD,CLEVELAND,MS,38733
PRN008022048,DEPARTAMENTO DE VIVIENDA RURAL,ST RD 1 KM 98.9,SANTA ISABEL,PR,00757
CAD981370539,DIAMOND OIL SVC,4902 EDNA RD,SAN LUIS OBISPO,CA,93401
OHD004170650,DLH PLATING LLC DBA EMPIGARD  METAL FINIS,2801 GRAND AVE,CLEVELAND,OH,44104
AZR000508259,DLUBAK GLASS COMPANY,19472 S AVENUE 1 E,YUMA,AZ,85365
MID005320254,DSC LTD,28000 W JEFFERSON  AVE,GIBRALTAR,MI,48173
OHD058383126,DUBRO OIL CO,2400 MULBERRY  AVE,CLEVELAND,OH,44113
CAD093245645,"DUCOMMUN  AEROSTRUCTURES, INC.",4001 EL MIRAGE ROAD,EL MIRAGE,CA,92301
OHD004196630,DUFFIN MANUFACTURING COMPANY,316 WARDEN AVENUE,ELYRIA,OH,44036
IAR000512707,DUKE AERIAL INC,65037 BOSTON RD,ATLANTIC,IA,50022
TXD008079212,E I DUPONT DE NEMOURS LA PORTE PLANT,12501 STRANG RD,LA PORTE,TX,77571
CT5000001859,E O MANUFACTURING CO INC,4 HORTON PL,WEST HAVEN,CT,06516
CAD003963592,ECS REFINING,705 REED STREET,SANTA CLARA,CA,95050
OHD004176145,ELBERT BUILDING CO,447 OBERLIN-ELYRIA RD,ELYRIA,OH,44035
PAD014146179,ELDREDGE  INC,898 FERNHILL RD,WEST CHESTER,PA,19380
KSR000505792,ELECSYS CORP,846 N MART-WAY  CT,OLATHE,KS,66061
OHR000137794,ELECTRIC REFINING,1313- 1329 CLINTON ST,TOLEDO,OH,43607
MID072782857,ELECTRO PLATING SERVICE INC,5900 COMMONWEALTH ST,DETROIT,MI,48208
MID042444687,ELECTRO-PLATING SERVICE INC,945 E 10 MILE RD,MADISON HEIGHTS,MI,48071
CAR000020875,"ELECTROCHEM SOLUTIONS,  LLC",32500 CENTRAL AVENUE,UNION CITY,CA,95487
CAD981991037,"ELECTROLURGY, INC.",1121 DURYEA AVE.,IRVINE,CA,92641
PAD981109135,ELLWOOD QUALITY STEELS CO,700 MORAVIA ST,NEW CASTLE,PA,16101
NYR000020362,ENTERPRISE  CLEANERS,37-26 30TH ST,QUEENS,NY,11101
MDR000516104,ENVIRONMENTAL PRESERVATION ASSOCIATION,12036 OLD BALTIMORE  PIKE,BELTSVILLE,MD,20705
CTD072138969,ENVIRONMENTAL WASTE RESOURCES  INC,130 FREIGHT ST,WATERBURY,CT,06702
MID060975844,EQ RESOURCE  RECOVERY  INC,36345 VAN BORN RD,ROMULUS,MI,48174
IAD045372836,EQUISTAR  CHEMICALS  LP,3400 ANAMOSA RD,CLINTON,IA,52732
ILD048296180,EQUISTAR  CHEMICALS  LP,8805 N TABLER RD,MORRIS,IL,60450
OHD004325411,ERAMET MARIETTA  INC,STATE RTE 7 S,MARIETTA,OH,45750
OHD981195233,ERIEVIEW  METAL TREATING  CO INC,4465 JOHNSTON  PKWY,CLEVELAND,OH,44128
IND173408170,ERINCRAFT  INC,402 TRUESDELL  AVE,LA PORTE,IN,46350
DED002276764,EVRAZ CLAYMONT  STEEL,4001 PHILADELPHIA PIKE,CLAYMONT,DE,19703
NYD002011450,EXCELSIOR  PACKAGING  GROUP,159 ALEXANDER  STREET,YONKERS,NY,10701
TXR000078023,EXTREME METAL FINISHING,830 FM 515,EMORY,TX,75440
TXR000058388,EXTREME METAL FINISHING  INC,581 INDUSTRIAL  BLVD,POINT,TX,75472
AZR000000083,FELTON KING CO,611 S 15TH AVE,PHOENIX,AZ,85007
MTR000204412,FERGUS COUNTY ROAD AND BRIDGE  DEPT,205 ARMORY RD,LEWISTOWN,MT,59457
IAT200010999,FIRSTCO INC,455 S BLUE GRASS RD,WALCOTT,IA,52773
PAD038428454,FLEETWOOD  MOTOR HOMES OF PA,P.O. DRAWER 5,PAXINOS,PA,17860
FLD004107017,FLORIDA FENCE POST CO,5251 SR 64 W,ONA,FL,33865
WVD004319539,FOLLANSBEE PLANT,1851 MAIN ST,FOLLANSBEE,WV,26037
CAR000156927,FONTANA POLISHING  AND PLATING,130 W MINDANAO  ST,BLOOMINGTON,CA,92316
ARR000021766,FORTY-NINER METALS MANAGEMENT LLC,4722 & 4758 HWY 49 N,PARAGOULD,AR,72450
LAD985187046,FREELAND  PROD INC,75412 HWY 25,COVINGTON,LA,70435
ILR000080457,FREEMAN ENVIRONMENTAL SERVICES,720 N DIVISION,CARTERVILLE,IL,62918
NYR000034363,FRESH CLEANERS  & LAUNDRY INC,39-26 30TH ST,LONG ISLAND CITY,NY,11101
ILR000024018,G&K SVCS INC,8201 S CORK AVE,JUSTICE,IL,60458
CAD009107749,GALLO GLASS COMPANY,605 S. SANTA CRUZ AVE.,MODESTO,CA,95354
NCD003448610,GALVAN INDUSTRIES  INC,NC HWY 49,HARRISBURG,NC,28075
CAD046442612,"GARDENA PLATING COMPANY,  INC.",12901 S. WESTERN AVE.,GARDENA,CA,90249
KSD981699523,GARSITE LLC,500 S MILL,KANSAS CITY,KS,66105
OHR000139790,GEM COATINGS,5840 INDUSTRIAL  DR,ATHENS,OH,45701
MAR000007609,GEM GROUP INC,9 INTERNATIONAL WAY,LAWRENCE,MA,01843
OHD004178612,GENERAL ENVIRONMENTAL MANAGEMENT LLC,2655 TRANSPORT  ROAD,CLEVELAND,OH,44115
MSD007031230,"GEORGIA GULF CHEMICALS  & VINYLS, LLC",715 HWY 25 S,ABERDEEN,MS,39730
OHD046424875,GLOBAL METERING  SYSTEMS,240 BALDWIN DR,LANCASTER,OH,43130
MDD001710227,"GRACE DAVISON, W.R. GRACE & CO. - CONN",5500 CHEMICAL  RD,BALTIMORE,MD,21226
OHD980903827,GRAY CONTAINER  LLC,2800 E 90TH ST,CLEVELAND,OH,44104
GAD003282803,GREENFIELD  ENV SAVANNAH  TRUST LLC (FORME,1 KERR MCGEE ROAD,SAVANNAH,GA,31404
MOD007146673,GREYSTONE  GRAPHICS,1841 VERNON ST,NORTH KANSAS CITY,MO,64116
MOR000043133,HAMMOND  POST & LUMBER,14112 HWY 63,LICKING,MO,65542
MOD985799121,HAYES LUMBER CO,HWY 63 S,VIENNA,MO,65582
CAD983596131,HEAVENLY  MOUNTAIN  RESORT,3860 SADDLE ROAD,SOUTH LAKE TAHOE,CA,96150
MSD008182081,HERCULES  INCORPORATED,613 WEST 7TH STREET,HATTIESBURG,MS,39401
FLR000154278,HERITAGE  - CRYSTAL CLEAN LLC,11643 103RD ST,JACKSONVILLE,FL,32210
IND058484114,HERITAGE  TRANSPORT  LLC,1626 RESEARCH  WAY,INDIANAPOLIS,IN,46231
MOD006273635,HOMER A DOERR & SONS PLATING COMPANY,2408 N LEFFINGWELL AVE,ST LOUIS,MO,63106
KYR000049957,HOSEA PROJECT MOVERS,3951 MADISON PIKE,COVINGTON,KY,41017
IND980615678,HOSKINS MFG CO,71103 CTY RD 23,NEW PARIS,IN,46553
MOR000043174,HOUSTON WOOD TREATING  CO,16841 OAK HILL RD,HOUSTON,MO,65483
TXD095214185,HOWMET CASTINGS  & SERVICES,6200 CENTRAL FWY N,WICHITA FALLS,TX,76305
WIR000000836,HWY 54 TOWING & REPAIR LLC,N5999 HWY 54 WEST,BLACK RIVER FALLS,WI,54615
CAD981679053,HYDRANAUTICS OCEANSIDE,401 JONES ROAD,OCEANSIDE,CA,92058
MOD007179823,HYDRO ALUMINUM NORTH AMERICA,808 COUNTY RD,MONETT,MO,65708
ILD984766279,HYDROMET  ENVIRONMENTAL USA,2475 E RTE 36,NEWMAN,IL,61942
MSR000101196,"HYDROMEX,  INC",700 INDUSTRIAL  PARKWAY,YAZOO CITY,MS,39194
ILR000060814,IMPERIAL INDUSTRIES  INC,180 KAREN DR,KINGSTON,IL,60145
WAD980977847,INCHELIUM  TRIBAL WOOD TREATMENT  PLANT,BRIDGE CREEK TWIN LAKES RD,INCHELIUM,WA,99138
MAD065779514,INDEPENDENT TRUCK SERVICE,481 HARTFORD  TPKE,SHREWSBURY,MA,01545
IND005421623,INDIANA HEAT TRANSFER  CORP,500 W HARRISON  ST,PLYMOUTH,IN,46563
VAR000008896,INDMAR COATINGS  CORP,237 W MAIN ST,WAKEFIELD,VA,23888
VAR000508614,INDMAR COATINGS  CORPORATION,317 W. MAIN STREET,WAKEFIELD,VA,23888
LAD985192764,"INNOPHOS,  INC.",10810 HIGHWAY 75,GEISMAR,LA,70734
PAR000513838,INSITUFORM  TECHNOLOGIES INC,912 STANTON RD,OLYPHANT,PA,18447
PRD987367604,INTERAMERICAN UNIV SAN GERMAN,CALLE LUNA,SAN GERMAN,PR,00753
MOD007129935,INTERNATIONAL PAPER JOPLIN TWP,2609 S RANGE LINE RD,JOPLIN,MO,64804
MDD985404383,INTERNATIONAL WOOD PRODUCTS,RAILROAD & PARK AVES,QUEEN ANNE,MD,21657
ILR000038810,INTERSTATE  CHEMICAL  CO,23247 W EAMES RTE 6,CHANNAHON,IL,60410
PAD002395325,ITT CORP,3100 CHARLOTTE  AVE,EASTON,PA,18045
NJR000074245,J D INTERNATIONAL LIGHTING INC,130 MOUNT HOLLY BYPASS SUITE 1,LUMBERTON,NJ,08048
IDD009073511,J R SIMPLOT CO DON PLANT SOUTH,1150 W HWY 30,POCATELLO,ID,83201
CAR000191486,"J. B. RADIATOR  SPECIALTIES, INC",8441 SPECIALTY  CIRCLE,SACRAMENTO,CA,95829
NVU009000016,JD INTERNATIONAL LIGHTING,4320 N LAMB BLVD STE 200,LAS VEGAS,NV,89115
ILD024917106,JO AN LAUNDRY AND CLEANERS,339 S MAIN,ANNA,IL,62906
CTR000008029,JOHNSON MEMORIAL  HOSPITAL,201 CHESTNUT  HILL RD,STAFFORD  SPRINGS,CT,06076
MID005390695,K C JONES PLATING ADHESIVE & SEALANT DIV,2845 E 10 MILE RD,WARREN,MI,48091
WVD016087322,KESSEL LUMBER SUPPLY INC,ONE MILE S INT RTS 50 & 220,KEYSER,WV,26726
NM9570024423,KIRTLAND AFB,2000 WYOMING BLVD SE,KIRTLAND AFB,NM,87117
VAD105838874,KMX CHEMICAL  CORP.,30474 ENERGY DRIVE,NEW CHURCH,VA,23415
NCD042086694,LANNESS K MCKEE & CO INC,404 SANDY ST,FAIRMONT,NC,28340
OHR000161646,LARRY LEWIS JUNKYARD,305 S MCKINLEY ST,HAVILAND,OH,45851
TXD987992690,LEADING EDGE AVIATION SERVICES,10801 BAKER ST,AMARILLO,TX,79111
CAR000162115,LEADING EDGE AVIATION SERVICES INC,13010 AEROSPACE  DRIVE LEAS,VICTORVILLE,CA,92394
CAR000158964,"LEADING EDGE AVIATION SERVICES,  INC.",13516 PHANTOM ROAD,VICTORVILLE,CA,92394
GAD054223987,LEGION INDUSTRIES  INC,370 MILLS RD,WAYNESBORO,GA,30830
TXD008429193,LINDON MANUFACTURING & LABORATORY LLC,7610 WALLISVILLE  RD,HOUSTON,TX,77020
LAD043193374,"LISBON REFINERY  JV, LLC",18647 HWY 2,LISBON,LA,71048
TXR000079187,LOAD TRAIL,2097 FM 2352,SUMNER,TX,75486
TXD008016404,LOADCRAFT  INDUSTRIES,US HIGHWAY 377 N,BRADY,TX,76825
NJD094952215,MACMILLAN  BLOEDELL CONTAINER,601 LEHIGH AVE,UNION,NJ,07083
TTR000000075,MARIANAS  CLEANERS,SUSUPE,SAIPAN,TT,96950
OHD987046232,MASTER VISION PLATING,5311 WEBSTER ST,DAYTON,OH,45414
PAD004835146,MAX ENV TECH INC,233 MAX LANE,YUKON,PA,15698
TXR000079409,MCC RECYCLING,200 N RICHEY ST,PASADENA,TX,77506
TXR000057497,MCCULLOCH  COUNTY PRECINCT  NO 1,WEST 17TH AT OLD CALF CREEK RD,BRADY,TX,76825
MID053343638,METAL AND WELDING INDUSTRIES  INC,20101 HOOVER ST,DETROIT,MI,48205
GAR000035162,METAL CONVERSION TECHNOLOGIES LLC,1 EAST PORTER ST,CARTERSVILLE,GA,30120
NYD006977086,"METALICO  ALUMINUM RECOVERY,  INC.",6223 THOMPSON  ROAD,SYRACUSE,NY,13206
PAD002297299,METLAB,1000 E MERMAID LN,WYNDMOOR,PA,19038
KSD981725393,METROPOLITAN TOPEKA AIRPORT AUTH,"FORBES FIELD, BLDG. #186",TOPEKA,KS,66619
MID005499116,MICHNER PLATING CO,520-536 N MECHANIC  ST,JACKSON,MI,49201
MID981089220,MICHNER PLATING CO,1725 ANGLING RD,JACKSON,MI,49203
CAD990769465,MINERAL KING MINERALS INC,10585 INDUSTRY  AVE,HANFORD,CA,93230
MSD077909133,MISSISSIPPI  PHOSPHATES CORPORATION,601 HIGHWAY 611,PASCAGOULA,MS,39568
MOD006312243,MISSOURI  WOOD TREATING  CO INC,120 ANDERSON  LN,RAYMONDVILLE,MO,65555
MAD096285762,MOBIL 2463,386 MAIN ST,MELROSE,MA,02176
OHD004155347,MORGAN ADHESIVE COMPANY (MACTAC),4560 DARROW  RD,STOW,OH,44224
FLR000142612,MORGAN ENVIRONMENTAL ENTERPRISES,4889 S FLORIDA AVE,INVERNESS,FL,34450
CAL000269058,"MORRELL'S  ELECTRO PLATING, INC",432 EUCLID AVE,COMPTON,CA,90222
FLD003952033,MOSAIC FERTILIZER  LLC,3200 US HWY 60 W (A),BARTOW,FL,33830
FLD004106415,MOSAIC FERTILIZER  LLC,4000 SR 60 E,MULBERRY,FL,33860
FLD043055003,MOSAIC FERTILIZER  LLC,4390 CR 640 W,BARTOW,FL,33830
FLD084717545,MOSAIC FERTILIZER  LLC,3095 COUNTY ROAD 640 W,MULBERRY,FL,33860
FLD092980150,MOSAIC FERTILIZER  LLC,7450 COUNTY ROAD 630,MULBERRY,FL,33860
LAD056031636,MOSAIC FERTILIZER  LLC,9959 HWY 18,ST JAMES,LA,70086
LAD059545756,MOSAIC FERTILIZER  LLC,7250 HWY 44,UNCLE SAM,LA,70792
FLD064696107,MOSAIC FERTILIZER  LLC - RIVERVIEW  FACILI,8813 US HIGHWAY 41,RIVERVIEW,FL,33569
OHR000014605,MULTI SERVICE INC,1962 RADIO ROAD,DAYTON,OH,45431
PAD002373165,N W CONTROLS  INC,2210 SHELLY RD,HARLEYSVILLE,PA,19438
CA7170090016,NAVAL AIR STATION NORTH ISLAND (NASNO) H,BLDG 1606,SAN DIEGO,CA,92135
NVD000627034,NEWMONT  MINING CORP GOLD QUARRY,6 MILES NORTH OF CARLIN,CARLIN,NV,89822
IAD005264338,NICHOLS ALUMINUM - DAVENPORT  LLC,1725 ROCKINGHAM RD,DAVENPORT,IA,52801
TND054481205,NISSAN NORTH AMERICA INC,983 NISSAN DRIVE,SMYRNA,TN,37167
KYD136936366,NORTHERN  KENTUCKY  UNIVERSITY,NUNN DRIVE,HIGHLAND  HEIGHTS,KY,41099
RID040098352,NORTHLAND  ENVIRONMENTAL INC.,275 ALLENS AVE,PROVIDENCE,RI,02905
IDD000466888,NU WEST INDUSTRIES  INC DBA AGRIUM,3010 CONDA RD,SODA SPRINGS,ID,83276
PAD048047575,NVF,400 W MULBERRY  ST,KENNETT  SQUARE,PA,19348
MOR000536243,ODDBALL SALVAGE,11971 GRANDVIEW  RD,GRANDVIEW,MO,64030
WAH000011585,OIL RE REFINING COMPANY INC SPOKANE,11916 EMPIRE AVE,SPOKANE,WA,99206
ORD980980775,OIL RE-FINING  CO. INC DBA INDUSTRIAL  OIL,1291 LAVERNE AVE,KLAMATH FALLS,OR,97603
ORQ000024941,OIL RE-REFINING CO INC,85951 OLD HWY 99 S,EUGENE,OR,97401
ORD987197092,OIL RE-REFINING CO TALENT,800 VALLEY VIEW RD,TALENT,OR,97540
ORD980975692,OIL REREFINING  CO INC DBA FUEL PROCESSOR,4150 N SUTTLE RD,PORTLAND,OR,97217
PRR000019273,OLEIN RECOVERY  CORP,STATE RD PR 901 KM 2.7,YABUCOA,PR,00767
TXR000046748,OPTI-BLAST  INC,4032B N JACKSON ST,JACKSONVILLE,TX,75766
ILR000132928,P&P KINCAID,ZENOBIA RD OFF RTE 104,PAWNEE,IL,62558
MOD981704455,PARK MARK INC,2909 BARRETT  STATION RD,ST LOUIS,MO,63122
AZD041456872,PAS TECHNOLOGIES (PHOENIX DIVISION),1021 N 22ND AVENUE,PHOENIX,AZ,85009
LAD980875934,"PCS NITROGEN  FERTILIZER,  L.P.",HIGHWAY 3115,GEISMAR,LA,70734
LAR000054791,PCS NITROGEN  FERTILIZERS LP,HWY 75 AND HWY 3115,GEISMAR,LA,70734
HI1170024334,PEARL HARBOR NAVAL COMPLEX/HICKAM AFB,850 TICONDEROGA ST,PEARL HARBOR,HI,96860
HI6170024339,PEARL HARBOR NAVAL SHIPYARD AND INTERMED,"667 SAFEGUARD  STREET, SUITE 10",PEARL HARBOR,HI,96860
PAD041398348,PENN UNION CORP,229 WATERFORD ST,EDINBORO,PA,16412
GAD093380814,PERMA FIX OF SOUTH GEORGIA INC,1612 JAMES P.  RODGERS CIRCLE,VALDOSTA,GA,31601
MDD000804963,PIER-SOL INC,8800 KELSO DR,BALTIMORE,MD,21221
KSD984970426,PIONEER BALLOON CO INC,2400 PIONEER DR,EL DORADO,KS,67042
OHD068896778,PLASTECH  ENGINEERED PRODUCTS  INC ANDOVE,205 MAPLE ST EXT,ANDOVER,OH,44003
IDD009061714,POLES INC,400 E FIRST ST,OLDTOWN,ID,83822
COR000213066,PREFERRED  MEDICAL PRODUCTS,8100 S AKRON ST    STE 311,ENGLEWOOD,CO,80112
ILD041889023,PREMCOR REFINING GROUP INC,201 E HAWTHORN  AVE,HARTFORD,IL,62048
PRD980644470,PREPA - AGUIRRE GENERATING COMPLEX,ROAD #3 KM 152.3,AGUIRRE,PR,00704
ILD984843987,PULSAR INC,9901 W PACIFIC AVE,FRANKLIN PARK,IL,60131
ILD001833714,PVS CHEMICAL  SOLUTIONS  INC,12260 S CARONDOLET,CHICAGO,IL,60633
OHD004477634,QUEEN CITY BARREL CO,1937 SOUTH ST,CINCINNATI,OH,45204
NVD096691886,QUEENSTAKE RESOURCES  JERRITT CANYON MIN,E50 MI NORTH OF MOUNTAIN  CITY,ELKO,NV,89801
RID075684530,R & R POLISHING  INC,37 FLETCHER  AVE,CRANSTON,RI,02920
CAD982519506,R SQUARED CIRCUITS INC,"120 BLUE RAVINE ROAD, STE #1",FOLSOM,CA,95630
ARR000013250,RAWHIDE TRAILERS INC,89 PILGRAM REST RD,GREENBRIER,AR,72058
MIK691312557,REGAL RECYCLING  LLC,645 LUCY RD,HOWELL,MI,48843
MDD980537690,RELIANCE TREATED WOOD,FEDERALSBURG INDUSTRIAL  PARK,FEDERALSBURG,MD,21632
MOD985796622,REVELLE WOOD TREATING,13495 HWY 38,BUCYRUS,MO,65444
OHR000142661,RICEFORD  ROAD WASTE SITE,2090 RICEFORD  ROAD SW,EAST SPARTA,OH,44626
NER000503052,RICHARD AND STEVEN PAYNE,5430 W ONE-R RD,GRAND ISLAND,NE,68803
OHR000011221,RICHLAND MOULDED BRICK CO,1000 RICHLAND SHALE RD,MANSFIELD,OH,44903
VAD982570095,"RICHMOND  POWDER COATING,  INC.",5124 GLENN ALDEN DR,RICHMOND,VA,23231
TXR000032383,RIVER CITY METAL FINISHING,12040 POTRANCO  RD,SAN ANTONIO,TX,78253
ILD005234141,RIVER SHANNON RECYCLING,13605 S HALSTED ST,RIVERDALE,IL,60627
CAL000190816,"RIVERBANK  OIL TRANSFER,  LLC",5300 CLAUS RD. BLDG 11,RIVERBANK,CA,95367
CAR000032946,RL ANODIZING,11331 PENROSE STREET,SUN VALLEY,CA,91352
CAR000083451,"RMS FINISHING,  INC.",5777 SOESTERN  COURT,CHINO,CA,91710
MER000507194,RP BOAT INC.,11 RP ROAD,STEUBEN,ME,04680
CTR000509448,SAGAS LLC,0 MIDDLETOWN RD,EAST BERLIN,CT,06037
CAD051707818,"SAINT-GOBAIN CONTAINERS, INC.",24441 AVENUE 12,MADERA,CA,93637
CAR000177865,SANTILLANES TOWING AND SALVAGE,69062 FILLMORE ST,THERMAL,CA,92274
PAD086718566,SAPA EXTRUDER  INC,330 ELMWOOD  RD,MOUNTAIN  TOP,PA,18707
CAD067734186,"SAPA EXTRUDER,  INC.",18111 E. RAILROAD STREET,INDUSTRY,CA,91748
NCS000001639,SARAH GIBSON PROPERTY,7313 CLINTON RD,STEDMAN,NC,28352
NJR000054783,SCER SUPREME INC,1950 RUTGERS UNIVERSITY  BLVD,LAKEWOOD,NJ,08701
SCD982084105,SCIENCEUTICALS,230 DEMING WAY,SUMMERVILLE,SC,29483
PRD987376662,SCORPIO RECYCLING  INC,STATE RD #2 KM 19.7,CANDELERIA   WARD,PR,00949
OHT400012050,SENCO PRODUCTS  INC,8450 BROADWELL  RD,CINCINNATI,OH,45244
CAD080912587,"SFPP, L.P. - MISSION VALLEY",9950 SAN DIEGO MISSION ROAD,SAN DIEGO,CA,92108
IN0000050971,SG SOLUTIONS  LLC,444 WEST SANDFORD  AVENUE,WEST TERRE HAUTE,IN,47885
MDD000215160,SHERWIN-WILLIAMS,2325 HOLLINS FERRY RD,BALTIMORE,MD,21230
GAD051011344,SIGNAL ENERGY HOLDINGS  CORPORATION,7982 HUEY ROAD,DOUGLASVILLE,GA,30134
OHD018221853,SIMONDS INDUSTRIES  INC,641 HELLER DR,NEWCOMERSTOWN,OH,43832
IAR000514380,SIOUX PHARM INC AND SIOUX BIOCHEMICAL IN,121 19TH ST SW,SIOUX CENTER,IA,51250
IAD005264460,SIVYER STEEL CORP,225 S 33RD ST,BETTENDORF,IA,52722
WAD027572205,SMITH CHROME PLATING,1012 N 9TH AVE,WALLA WALLA,WA,99362
OHD982419764,SMITTY'S CAR CRAFT,747 SUGAR LANE,ELYRIA,OH,44035
PRR000017657,SOUTHERN  PATHOLOGY  SERVICES INC,234 CALLE A PARQUE IND SABANET,PONCE,PR,00715
PRN008020679,SP FABRICATORS,RD 3 KM. 76.9 RIO ABAJO WARD,HUMACAO,PR,00792
FLR000147082,SPACE COAST OIL EQUIPMENT  & TANK SERVICE,494 CARVER RD,ROCKLEDGE,FL,32955
MND064762784,SPECTRO ALLOYS CORP.,13220 DOYLE PATH,ROSEMOUNT,MN,55068
ILD000814665,SPRAYLAT  CORP,1701 E 122ND ST,CHICAGO,IL,60633
OHR000119800,SR RECYCLE INC,N OF INTRSCT US 30 & ST RT 644,KENSINGTON,OH,44427
WIR000006767,ST CROIX TRUCK TRAILER,1851 HWY 63,NEW RICHMOND,WI,54017
KSD056577646,ST FRANCIS VIA CHRISTI RMC,929 N ST FRANCIS,WICHITA,KS,67214
MOD055453187,STOWERS INSTITUTE  FOR MEDICAL RESEARCH,4949 ROCKHILL RD,KANSAS CITY,MO,64110
NYD065946535,SUFFOLK METAL FINISHING  COMPANY INC,COATES AVE,HOLBROOK,NY,11741
MOD006321947,SULLENS LUMBER & TREATED POST,W PULASKI ST,RICHLAND,MO,65556
OHR000007278,SUMMIT ENVIRONMENTAL TECHNOLOGIES,595 E TALLMADGE  AVE,AKRON,OH,44310
LAD065471112,SUN DRILLING PRODUCTS  INC.,503 MAIN STREET,BELLE CHASSE,LA,70037
OHD987033131,SUPERIOR  FORGE & STEEL CORP,1820 MCCLAIN RD,LIMA,OH,45804
PAR000040055,SUPERIOR  WELL SERVICES,RT 119N,BLACK LICK,PA,15716
OHR000150979,T-RICK INDUSTRIES,837 BUCKINGHAM STREET,TOLEDO,OH,43607
OHD071641633,TAYLORS INDUSTRIAL  SERVICES LLC,820 WEST MARION RD,MOUNT GILEAD,OH,43338
MAC300004660,TECHNICALLY INC,155B NEW BOSTON ST,WOBURN,MA,01801
INR000116863,TESTWORTH LABORATORIES,401 S MAIN ST,COLUMBIA  CITY,IN,46725
MOD985818111,THEISS PLATING CORP,9314 MANCHESTER AVE,ST LOUIS,MO,63119
OHT400013058,THOMPSON  WASTE OIL,537 AND 357 BUCK HOLLOW RD,LUCASVILLE,OH,45648
MOD057752875,TIMBER INDUSTRIES  INC,N HWY 19,SALEM,MO,65560
OHD106483522,TOLEDO FOREST PRODUCTS,13010 ECKEL JUNCTION  RD,PERRYSBURG,OH,43551
NYD088413877,TONAWANDA  COKE CORPORATION,3875 RIVER RD,TONAWANDA,NY,14150
HID984468959,TOSCO WAIANAE BULK PLANT 0837,87 523 FARRINGTON HWY,WAIANAE,HI,96792
VAD081753881,TRANSPRINT USA,1000 PLEASANT  VALLEY ROAD,HARRISONBURG,VA,22801
CAR000083865,TRIDENT PLATING INC.,10046 ROMANDEL  AVENUE,SANTA FE SPRINGS,CA,90670
TND183166412,"TRISON COATINGS,  INC.",801 GARRETT  PARKWAY,LEWISBURG,TN,37047
PAD981039613,TYCO ELECTRONICS,209 SHELLYLAND  RD,MANHEIM,PA,17545
COR000013482,UNICIRCUIT  INC,8192 SOUTHPARK  LN,LITTLETON,CO,80120
RID982755324,"UNIQUE PLATING CO., INC.",66 MILL ST.,JOHNSTON,RI,02919
HIR000135392,UNITEK SOLVENT SVCS INC HILO,110 KALANIKOA  AVE,HILO,HI,96720
KSD980852669,UNIVERSITY  OF KANSAS H W A F,2301 CROWELL DR,LAWRENCE,KS,66045
ID3572124557,US AFB MOUNTAIN  HOME,1100 LIBERATOR  ST,MOUNTAIN  HOME AFB,ID,83648
WA7890008967,US DEPT OF ENERGY HANFORD FACILITY,HANFORD FACILITY,RICHLAND,WA,99352
UTD000690867,US MAGNESIUM  LLC,12819 NORTH,SKULL VALLEY,UT,84029
NER000007732,USA TIRE MANAGEMENT INC,4901 G ST,SOUTH SIOUX CITY,NE,68776
AZD981433980,VALKYRIE INDUSTRIES,6033 W SHERMAN ST,PHOENIX,AZ,85043
TXD007357932,VAN DER HORST USA,419 E GROVE ST,TERRELL,TX,75160
MID151368537,VEMCO INC,10230 N HOLLY RD,GRAND BLANC,MI,48439
MID982642183,VEMCO INC,5050 KENDRICK  ST SE,GRAND RAPIDS,MI,49512
WAD980987622,VENOIL LLC ANACORTES,9390 S MARCH PT RD,ANACORTES,WA,98221
AZ0000337360,VEOLIA ES TECHNICAL  SOLUTIONS  LLC,5736 W JEFFERSON  ST,PHOENIX,AZ,85043
NYD001638329,"VERNON PLATING WORKS, INC",33-18 57TH STREET,WOODSIDE,NY,11377
VIN008020042,VI DEPARTMENT OF HEALTH - DIVISION OF EN,3500 RICHMOND  ESTATE - ROOM 10,ST CROIX,VI,00802
VIN008020133,VIRGIN ISLANDS DEPARTMENT OF HEALTH - DI,"1303 HOSPITAL GROUND, SUITE 10",ST THOMAS,VI,00802
MSR000101642,"VLI, INC.",HIGHWAY 63 & GRAND AVENUE,LEAKESVILLE,MS,39451
PAR000507095,VOGT FINISHES,1318 E 12TH ST,ERIE,PA,16503
CTD980906705,VOLTARC TECHNOLOGIES INC,400 CAPTAIN NEVILLE DR,WATERBURY,CT,06705
WIR000135517,VYSKOCIL BROTHERS  BUILDERS,W2840 MINK DRIVE,PHILLIPS,WI,54555
TXD026042168,WALKER WOOD PRESERVING  CO,3947 HIGHWAY 146 S,LIVINGSTON,TX,77351
MED054160601,WE CARE CLEANERS,17 WENTWORTH ST,KITTERY,ME,03904
WVR000016857,WEST VIRGINIA ORDNANCE  CENTER,WADSWORTH RD OFF RT 62,POINT PLEASANT,WV,25550
TXD000449397,WHITE LION HOLDINGS  LLC,221 SCOTT ROAD,ROSENBERG,TX,77471
FLD098372360,WHITE SPRINGS AGRICULTURAL CHEMICAL  INC,SR 137,WHITE SPRINGS,FL,32096
MOR000504456,WM LAMPTRACKER INC,415 KAISER INDUSTRIAL  DR,KAISERR,MO,65047
TXD027070655,WOOD INDUSTRIES  PA 1299,11373 SOUTHTON  RD,SAN ANTONIO,TX,78223
WID990829475,WRR ENVIRONMENTAL SERVICES CO INC,5200 RYDER RD,EAU CLAIRE,WI,54701
TND049494941,Y & S COMPANY,715 MURFREESBORO ROAD,NASHVILLE,TN,37210
NVD982445991,YOUNG ELECTRIC SIGN CO,5119 S CAMERON ST,LAS VEGAS,NV,89118
SCR000767194,3R INC,242 CRAWFORD  CIR,SPARTANBURG,SC,29301